name,industry,color
トヨタ自動車株式会社,メーカー,#EB0A1E
本田技研工業株式会社,メーカー,#CC0000
日産自動車株式会社,メーカー,#C3002F
スズキ株式会社,メーカー,#003E80
マツダ株式会社,メーカー,#CC0000
三菱自動車工業株式会社,メーカー,#E60012
SUBARU株式会社,メーカー,#0033A0
いすゞ自動車株式会社,メーカー,#003087
日野自動車株式会社,メーカー,#E60012
三菱ふそうトラック・バス株式会社,メーカー,#E60012
株式会社デンソー,メーカー,#003A8C
アイシン株式会社,メーカー,#0055A0
株式会社豊田自動織機,メーカー,#EB0A1E
豊田合成株式会社,メーカー,#EB0A1E
株式会社JTEKT,メーカー,#003399
住友電装株式会社,メーカー,#003399
矢崎総業株式会社,メーカー,#003087
株式会社東海理化電機製作所,メーカー,#0033A0
トヨタ紡織株式会社,メーカー,#EB0A1E
日本精工株式会社,メーカー,#003087
株式会社ジェイテクト,メーカー,#003399
アルパイン株式会社,メーカー,#003087
株式会社パイオニア,メーカー,#CC0000
株式会社ニフコ,メーカー,#003087
フタバ産業株式会社,メーカー,#003087
株式会社テイ・エス テック,メーカー,#003087
河西工業株式会社,メーカー,#003087
ジヤトコ株式会社,メーカー,#003087
愛三工業株式会社,メーカー,#003087
株式会社エクセディ,メーカー,#003087
株式会社ユニプレス,メーカー,#003087
三桜工業株式会社,メーカー,#003087
株式会社タチエス,メーカー,#003087
太平洋工業株式会社,メーカー,#003087
株式会社ミクニ,メーカー,#003087
日本特殊陶業株式会社,メーカー,#003087
日産車体株式会社,メーカー,#C3002F
株式会社カルソニックカンセイ,メーカー,#003087
株式会社ミツバ,メーカー,#003087
株式会社東プレ,メーカー,#003087
ソニーグループ株式会社,メーカー,#003087
パナソニックホールディングス株式会社,メーカー,#003087
三菱電機株式会社,メーカー,#E60012
株式会社日立製作所,メーカー,#E60012
富士通株式会社,IT/通信,#FF0000
日本電気株式会社,IT/通信,#003399
シャープ株式会社,メーカー,#FF6600
株式会社東芝,メーカー,#E60012
キヤノン株式会社,メーカー,#CC0000
リコー株式会社,メーカー,#003A96
コニカミノルタ株式会社,メーカー,#003A96
セイコーエプソン株式会社,メーカー,#003087
ブラザー工業株式会社,メーカー,#003C8F
京セラ株式会社,メーカー,#003087
TDK株式会社,メーカー,#CC0000
村田製作所,メーカー,#003087
オムロン株式会社,メーカー,#CC0000
富士電機株式会社,メーカー,#E60012
株式会社ルネサスエレクトロニクス,メーカー,#003087
株式会社ニコン,メーカー,#F7E000
オリンパス株式会社,メーカー,#003087
HOYA株式会社,メーカー,#003087
シチズン時計株式会社,メーカー,#003087
セイコーグループ株式会社,メーカー,#003087
カシオ計算機株式会社,メーカー,#E60012
株式会社ダイキン工業,メーカー,#0074BE
株式会社安川電機,メーカー,#003087
ファナック株式会社,メーカー,#FFD700
アドバンテスト株式会社,メーカー,#003087
東京エレクトロン株式会社,メーカー,#003087
株式会社SCREENホールディングス,メーカー,#003087
株式会社ディスコ,メーカー,#003087
浜松ホトニクス株式会社,メーカー,#003087
横河電機株式会社,メーカー,#003087
アズビル株式会社,メーカー,#003087
株式会社堀場製作所,メーカー,#003087
株式会社ミツトヨ,メーカー,#003087
ローム株式会社,メーカー,#003087
富士フイルムホールディングス株式会社,メーカー,#E60012
株式会社島津製作所,メーカー,#CC0000
株式会社キーエンス,メーカー,#CC0000
日東電工株式会社,化学,#0055A0
株式会社フジクラ,メーカー,#003087
古河電気工業株式会社,メーカー,#003087
住友電気工業株式会社,メーカー,#003399
株式会社マキタ,メーカー,#009639
株式会社日立ハイテク,メーカー,#E60012
株式会社ソシオネクスト,メーカー,#003087
AGC株式会社,化学,#003087
株式会社LIXIL,メーカー,#003087
YKK AP株式会社,メーカー,#003087
株式会社TOTO,メーカー,#003087
ノーリツ株式会社,メーカー,#003087
リンナイ株式会社,メーカー,#003087
株式会社バルミューダ,メーカー,#000000
アイリスオーヤマ株式会社,メーカー,#003087
三菱重工業株式会社,重工業,#E60012
川崎重工業株式会社,重工業,#003087
IHI株式会社,重工業,#003399
株式会社小松製作所,重工業,#FFD100
日立建機株式会社,重工業,#E60012
住友重機械工業株式会社,重工業,#003399
株式会社クボタ,重工業,#E87722
ヤンマーホールディングス株式会社,重工業,#E60012
井関農機株式会社,重工業,#003087
株式会社タダノ,重工業,#003087
株式会社NTTデータ,IT/通信,#0055D4
TIS株式会社,IT/通信,#0066CC
SCSK株式会社,IT/通信,#0066CC
伊藤忠テクノソリューションズ株式会社,IT/通信,#003399
株式会社野村総合研究所,コンサル,#003399
株式会社オービック,IT/通信,#003087
株式会社大塚商会,IT/通信,#003087
楽天グループ株式会社,IT/通信,#BF0000
LINEヤフー株式会社,IT/通信,#06C755
株式会社サイバーエージェント,IT/通信,#21B526
株式会社DeNA,IT/通信,#0033CC
株式会社グリー,IT/通信,#0066CC
株式会社ミクシィ,IT/通信,#E60012
株式会社メルカリ,IT/通信,#FF0211
株式会社ZOZO,IT/通信,#000000
freee株式会社,IT/通信,#04A9BC
株式会社マネーフォワード,IT/通信,#003399
株式会社カカクコム,IT/通信,#FF6600
株式会社クックパッド,IT/通信,#E60012
株式会社エムスリー,IT/通信,#003399
株式会社ビズリーチ,IT/通信,#003399
株式会社スマートニュース,IT/通信,#E60012
株式会社ラクスル,IT/通信,#CC0000
株式会社インターネットイニシアティブ,IT/通信,#003087
株式会社NTTドコモ,IT/通信,#E60012
KDDI株式会社,IT/通信,#E60012
ソフトバンク株式会社,IT/通信,#CDB300
楽天モバイル株式会社,IT/通信,#BF0000
日本電信電話株式会社,IT/通信,#0055D4
NTTコミュニケーションズ株式会社,IT/通信,#0055D4
株式会社エヌ・ティ・ティ・コムウェア,IT/通信,#0055D4
株式会社日本IBM,IT/通信,#052FAD
日本オラクル株式会社,IT/通信,#F80000
日本マイクロソフト株式会社,IT/通信,#00A4EF
アマゾンウェブサービスジャパン合同会社,IT/通信,#FF9900
グーグル合同会社,IT/通信,#4285F4
セールスフォース・ジャパン株式会社,IT/通信,#00A1E0
SAP Japan株式会社,IT/通信,#0FAAFF
株式会社電通国際情報サービス,IT/通信,#003087
日鉄ソリューションズ株式会社,IT/通信,#003087
株式会社日立ソリューションズ,IT/通信,#E60012
富士ソフト株式会社,IT/通信,#003087
株式会社システナ,IT/通信,#003087
株式会社ネットワンシステムズ,IT/通信,#003087
NECソリューションイノベータ株式会社,IT/通信,#003399
BIPROGY株式会社,IT/通信,#003087
株式会社クレスコ,IT/通信,#003087
コムチュア株式会社,IT/通信,#003087
株式会社シーエーシー,IT/通信,#003087
株式会社ブレインパッド,IT/通信,#003087
株式会社マクロミル,IT/通信,#003087
株式会社インテージホールディングス,IT/通信,#003087
株式会社Sansan,IT/通信,#E55B30
株式会社SmartHR,IT/通信,#3589C7
株式会社PR TIMES,IT/通信,#003087
株式会社ユーザベース,IT/通信,#003087
株式会社Gunosy,IT/通信,#003087
株式会社プレイド,IT/通信,#003087
株式会社クラウドワークス,IT/通信,#003087
株式会社ランサーズ,IT/通信,#00B4C8
株式会社Wantedly,IT/通信,#2D98F3
株式会社チャットワーク,IT/通信,#003087
株式会社弁護士ドットコム,IT/通信,#003087
株式会社カオナビ,IT/通信,#003087
株式会社ジャストシステム,IT/通信,#003087
株式会社インフォマート,IT/通信,#003087
株式会社DTS,IT/通信,#003087
株式会社フューチャー,IT/通信,#003087
株式会社ウイングアーク1st,IT/通信,#003087
株式会社ジョーシン,小売,#003087
株式会社テクマトリックス,IT/通信,#003087
株式会社アシスト,IT/通信,#003087
株式会社NTTテクノクロス,IT/通信,#0055D4
株式会社富士通エフサス,IT/通信,#FF0000
株式会社アビームコンサルティング,コンサル,#003087
株式会社コア,IT/通信,#003087
株式会社ソルクシーズ,IT/通信,#003087
株式会社ナビタイムジャパン,IT/通信,#003087
株式会社DMM.com,IT/通信,#003087
株式会社ドワンゴ,IT/通信,#E60012
株式会社はてな,IT/通信,#003087
株式会社コロプラ,ゲーム/エンタメ,#003087
株式会社KLab,ゲーム/エンタメ,#003087
株式会社エイチームホールディングス,IT/通信,#003087
株式会社サイバーコム,IT/通信,#003087
株式会社ラクーン,IT/通信,#003087
株式会社ポート,IT/通信,#003087
株式会社オープンストリーム,IT/通信,#003087
株式会社アイスタイル,IT/通信,#003087
株式会社エキサイトホールディングス,IT/通信,#E60012
株式会社ニフティ,IT/通信,#003087
株式会社デジタルガレージ,IT/通信,#003087
株式会社セプテーニ・ホールディングス,IT/通信,#003087
株式会社オプトホールディング,IT/通信,#003087
株式会社アイレップ,IT/通信,#003087
株式会社SHIFT,IT/通信,#003087
株式会社Appier Group,IT/通信,#003087
株式会社ビーウィズ,IT/通信,#003087
三菱商事株式会社,商社,#E60012
伊藤忠商事株式会社,商社,#003399
三井物産株式会社,商社,#E60012
住友商事株式会社,商社,#003399
丸紅株式会社,商社,#E60012
豊田通商株式会社,商社,#EB0A1E
双日株式会社,商社,#0055A4
兼松株式会社,商社,#003087
長瀬産業株式会社,商社,#003087
稲畑産業株式会社,商社,#003087
岩谷産業株式会社,商社,#003087
阪和興業株式会社,商社,#003087
住金物産株式会社,商社,#003087
メタルワン株式会社,商社,#003087
丸一鋼管株式会社,商社,#003087
株式会社三菱UFJ銀行,金融,#E60012
株式会社みずほ銀行,金融,#003087
株式会社三井住友銀行,金融,#00A040
株式会社りそな銀行,金融,#E60012
株式会社ゆうちょ銀行,金融,#E60012
三菱UFJ信託銀行株式会社,金融,#E60012
三井住友信託銀行株式会社,金融,#00A040
株式会社横浜銀行,金融,#003087
株式会社千葉銀行,金融,#003087
株式会社静岡銀行,金融,#003087
株式会社福岡銀行,金融,#003087
株式会社京都銀行,金融,#E60012
株式会社関西みらい銀行,金融,#003087
株式会社八十二銀行,金融,#003087
株式会社北陸銀行,金融,#003087
株式会社山陰合同銀行,金融,#003087
株式会社伊予銀行,金融,#003087
株式会社阿波銀行,金融,#003087
株式会社十六銀行,金融,#003087
株式会社百五銀行,金融,#003087
株式会社中国銀行,金融,#003087
株式会社広島銀行,金融,#003087
株式会社南都銀行,金融,#003087
株式会社紀陽銀行,金融,#003087
株式会社埼玉りそな銀行,金融,#E60012
株式会社常陽銀行,金融,#003087
株式会社足利銀行,金融,#003087
株式会社群馬銀行,金融,#003087
株式会社第四北越銀行,金融,#003087
株式会社スルガ銀行,金融,#003087
野村證券株式会社,金融,#E60012
大和証券株式会社,金融,#0033A0
SMBC日興証券株式会社,金融,#00A040
みずほ証券株式会社,金融,#003087
三菱UFJモルガン・スタンレー証券株式会社,金融,#E60012
株式会社SBI証券,金融,#003399
楽天証券株式会社,金融,#BF0000
株式会社松井証券,金融,#003087
カブドットコム証券株式会社,金融,#003087
岡三証券株式会社,金融,#003087
東海東京フィナンシャル・ホールディングス株式会社,金融,#003087
株式会社マネックス証券,金融,#003399
東京海上日動火災保険株式会社,金融,#E1A117
損害保険ジャパン株式会社,金融,#0066CC
三井住友海上火災保険株式会社,金融,#00A040
あいおいニッセイ同和損害保険株式会社,金融,#003087
日本生命保険相互会社,金融,#E60012
第一生命保険株式会社,金融,#E60012
住友生命保険相互会社,金融,#003399
明治安田生命保険相互会社,金融,#003399
富国生命保険相互会社,金融,#003087
大同生命保険株式会社,金融,#003087
朝日生命保険相互会社,金融,#003087
アフラック生命保険株式会社,金融,#003087
ソニー生命保険株式会社,金融,#003087
オリックス株式会社,金融,#003399
株式会社三菱UFJリース,金融,#E60012
三井住友カード株式会社,金融,#00A040
株式会社クレディセゾン,金融,#003087
楽天カード株式会社,金融,#BF0000
SMBCコンシューマーファイナンス株式会社,金融,#00A040
株式会社アコム,金融,#CC0000
アイフル株式会社,金融,#E60012
SBIホールディングス株式会社,金融,#003399
株式会社マッキンゼー・アンド・カンパニー,コンサル,#003087
ボストン コンサルティング グループ合同会社,コンサル,#00984A
ベイン・アンド・カンパニー・ジャパン・インコーポレイテッド,コンサル,#CC0000
A.T.カーニー株式会社,コンサル,#003087
デロイト トーマツ コンサルティング合同会社,コンサル,#86BC25
PwCコンサルティング合同会社,コンサル,#D04A02
EYストラテジー・アンド・コンサルティング株式会社,コンサル,#FFE600
KPMGコンサルティング株式会社,コンサル,#00338D
アクセンチュア株式会社,コンサル,#A100FF
株式会社日本総合研究所,コンサル,#003399
株式会社三菱総合研究所,コンサル,#E60012
株式会社三菱UFJリサーチ＆コンサルティング,コンサル,#E60012
株式会社みずほリサーチ＆テクノロジーズ,コンサル,#003087
株式会社ローランド・ベルガー,コンサル,#003087
マーサージャパン株式会社,コンサル,#003087
PwCあらた有限責任監査法人,コンサル,#D04A02
有限責任あずさ監査法人,コンサル,#00338D
有限責任監査法人トーマツ,コンサル,#86BC25
EY新日本有限責任監査法人,コンサル,#FFE600
株式会社矢野経済研究所,コンサル,#003087
ドイツ銀行グループ,金融,#003087
JPモルガン証券株式会社,金融,#003087
ゴールドマン・サックス証券株式会社,金融,#1E5079
メリルリンチ日本証券株式会社,金融,#E60012
UBS証券株式会社,金融,#E60012
バークレイズ証券株式会社,金融,#00AEEF
モルガン・スタンレーMUFG証券株式会社,金融,#003087
シティグループ証券株式会社,金融,#003087
株式会社電通グループ,広告,#E60012
株式会社博報堂,広告,#E60012
株式会社ADKホールディングス,広告,#003087
株式会社電通デジタル,広告,#E60012
株式会社博報堂DYメディアパートナーズ,広告,#E60012
株式会社東急エージェンシー,広告,#003087
株式会社大広,広告,#003087
株式会社読売広告社,広告,#003087
株式会社朝日広告社,広告,#003087
株式会社ジェイアール東海エージェンシー,広告,#F47920
株式会社オリコム,広告,#003087
株式会社ヤング＆ルビカム,広告,#003087
株式会社マッキャン・エリクソン,広告,#CC0000
株式会社フライシュマン・ヒラード・ジャパン,広告,#003087
株式会社エデルマン・ジャパン,広告,#003087
日本放送協会,メディア,#003087
日本テレビ放送網株式会社,メディア,#003087
株式会社テレビ朝日,メディア,#003087
株式会社TBSテレビ,メディア,#003087
株式会社フジテレビジョン,メディア,#E60012
株式会社テレビ東京,メディア,#003087
株式会社朝日新聞社,メディア,#E60012
株式会社読売新聞グループ本社,メディア,#E60012
株式会社毎日新聞社,メディア,#003087
株式会社日本経済新聞社,メディア,#E60012
株式会社産業経済新聞社,メディア,#003087
株式会社講談社,メディア,#E60012
集英社,メディア,#E60012
株式会社小学館,メディア,#003087
KADOKAWA株式会社,メディア,#003087
株式会社宝島社,メディア,#003087
株式会社文藝春秋,メディア,#003087
新潮社,メディア,#003087
株式会社光文社,メディア,#003087
株式会社主婦と生活社,メディア,#003087
株式会社主婦の友社,メディア,#003087
NHK出版株式会社,メディア,#003087
株式会社WOWOW,メディア,#003087
スカパーJSAT株式会社,メディア,#003087
株式会社AbemaTV,メディア,#21B526
三井不動産株式会社,不動産,#003087
三菱地所株式会社,不動産,#003087
住友不動産株式会社,不動産,#003087
東急不動産ホールディングス株式会社,不動産,#003087
野村不動産ホールディングス株式会社,不動産,#003087
森ビル株式会社,不動産,#003087
森トラスト株式会社,不動産,#003087
株式会社ヒューリック,不動産,#003087
東京建物株式会社,不動産,#003087
株式会社NTT都市開発,不動産,#0055D4
日鉄興和不動産株式会社,不動産,#003087
株式会社大京,不動産,#003087
野村不動産株式会社,不動産,#003087
三菱地所レジデンス株式会社,不動産,#003087
株式会社住友不動産販売,不動産,#003087
株式会社東急リバブル,不動産,#003087
株式会社LIFULL,不動産,#FF6600
株式会社アットホーム,不動産,#003087
株式会社オープンハウスグループ,不動産,#CC0000
株式会社レオパレス21,不動産,#E60012
積水化学工業株式会社,化学,#003087
大和ハウス工業株式会社,建設,#003087
積水ハウス株式会社,建設,#003087
住友林業株式会社,建設,#003087
パナソニックホームズ株式会社,建設,#003087
ミサワホーム株式会社,建設,#003087
旭化成ホームズ株式会社,建設,#E60012
大林組株式会社,建設,#003087
株式会社大成建設,建設,#003087
清水建設株式会社,建設,#003087
鹿島建設株式会社,建設,#003087
株式会社竹中工務店,建設,#003087
前田建設工業株式会社,建設,#003087
株式会社熊谷組,建設,#003087
五洋建設株式会社,建設,#003087
西松建設株式会社,建設,#003087
株式会社奥村組,建設,#003087
株式会社安藤・間,建設,#003087
東急建設株式会社,建設,#003087
株式会社長谷工コーポレーション,建設,#003087
三井住友建設株式会社,建設,#003087
飛島建設株式会社,建設,#003087
戸田建設株式会社,建設,#003087
株式会社ファーストリテイリング,小売,#E60012
株式会社良品計画,小売,#CC0000
株式会社ニトリホールディングス,小売,#003087
株式会社しまむら,小売,#CC0000
株式会社高島屋,小売,#CC0000
株式会社三越伊勢丹ホールディングス,小売,#CC0000
株式会社大丸松坂屋百貨店,小売,#003087
株式会社阪急阪神百貨店,小売,#003087
株式会社近鉄百貨店,小売,#003087
株式会社丸井グループ,小売,#CC0000
パルコ株式会社,小売,#003087
株式会社松屋,小売,#CC0000
株式会社セブン-イレブン・ジャパン,小売,#007DC5
株式会社ファミリーマート,小売,#0066CC
株式会社ローソン,小売,#0068B7
株式会社ミニストップ,小売,#003087
株式会社セブン＆アイ・ホールディングス,小売,#E60012
イオン株式会社,小売,#0070BE
株式会社ライフコーポレーション,小売,#003087
株式会社マルエツ,小売,#003087
株式会社ヨークベニマル,小売,#003087
株式会社オーケー,小売,#003087
株式会社サミット,小売,#003087
株式会社東急ストア,小売,#003087
株式会社イトーヨーカ堂,小売,#003087
株式会社ダイエー,小売,#003087
株式会社ユニー,小売,#003087
株式会社平和堂,小売,#003087
株式会社フジ,小売,#003087
マツモトキヨシホールディングス株式会社,小売,#CC0000
ウエルシアホールディングス株式会社,小売,#003087
株式会社ツルハホールディングス,小売,#003087
株式会社スギホールディングス,小売,#003087
株式会社コスモス薬品,小売,#003087
株式会社クリエイトSDホールディングス,小売,#003087
株式会社ドン・キホーテホールディングス,小売,#E60012
株式会社カインズ,小売,#003087
株式会社コーナン商事,小売,#003087
株式会社DCMホールディングス,小売,#003087
株式会社コメリ,小売,#003087
株式会社島忠,小売,#003087
株式会社ヨドバシカメラ,小売,#003087
ビックカメラ株式会社,小売,#003087
株式会社エディオン,小売,#CC0000
株式会社ケーズホールディングス,小売,#003087
株式会社ノジマ,小売,#003087
株式会社上新電機,小売,#003087
株式会社オートバックスセブン,小売,#E60012
株式会社イエローハット,小売,#FFD700
株式会社ゲオホールディングス,小売,#CC0000
株式会社ブックオフコーポレーション,小売,#FF6600
株式会社紀伊國屋書店,小売,#003087
株式会社丸善CHIホールディングス,小売,#003087
ヤマト運輸株式会社,物流/運輸,#FF6600
佐川急便株式会社,物流/運輸,#007A33
日本郵便株式会社,物流/運輸,#E60012
日本通運株式会社,物流/運輸,#CC0000
西濃運輸株式会社,物流/運輸,#003087
ロジスティード株式会社,物流/運輸,#E60012
近鉄エクスプレス株式会社,物流/運輸,#003087
郵船ロジスティクス株式会社,物流/運輸,#003087
株式会社NIPPON EXPRESSホールディングス,物流/運輸,#CC0000
センコーグループホールディングス株式会社,物流/運輸,#003087
三菱倉庫株式会社,物流/運輸,#E60012
住友倉庫株式会社,物流/運輸,#003399
上組株式会社,物流/運輸,#003087
鈴与株式会社,物流/運輸,#003087
株式会社商船三井,物流/運輸,#003087
日本郵船株式会社,物流/運輸,#003087
川崎汽船株式会社,物流/運輸,#003087
東日本旅客鉄道株式会社,物流/運輸,#003087
東海旅客鉄道株式会社,物流/運輸,#F47920
西日本旅客鉄道株式会社,物流/運輸,#003087
九州旅客鉄道株式会社,物流/運輸,#CC0000
東京地下鉄株式会社,物流/運輸,#009BBF
東急株式会社,物流/運輸,#003087
小田急電鉄株式会社,物流/運輸,#003087
京王電鉄株式会社,物流/運輸,#CC0000
西武鉄道株式会社,物流/運輸,#003087
東武鉄道株式会社,物流/運輸,#E60012
阪急電鉄株式会社,物流/運輸,#003087
近畿日本鉄道株式会社,物流/運輸,#E60012
名古屋鉄道株式会社,物流/運輸,#E60012
南海電気鉄道株式会社,物流/運輸,#003087
日本航空株式会社,物流/運輸,#003087
全日本空輸株式会社,物流/運輸,#003087
株式会社スカイマーク,物流/運輸,#003087
スターフライヤー株式会社,物流/運輸,#003087
武田薬品工業株式会社,医薬品,#E60012
アステラス製薬株式会社,医薬品,#003399
第一三共株式会社,医薬品,#003399
エーザイ株式会社,医薬品,#003399
中外製薬株式会社,医薬品,#003087
大塚ホールディングス株式会社,医薬品,#003087
協和キリン株式会社,医薬品,#003087
塩野義製薬株式会社,医薬品,#CC0000
住友ファーマ株式会社,医薬品,#003399
小野薬品工業株式会社,医薬品,#CC0000
ロート製薬株式会社,医薬品,#CC0000
大正製薬ホールディングス株式会社,医薬品,#CC0000
参天製薬株式会社,医薬品,#003087
テルモ株式会社,医薬品,#CC0000
日本光電工業株式会社,医薬品,#003087
オリンパス株式会社（医療機器部門）,医薬品,#003087
株式会社フィリップス・ジャパン,医薬品,#0066FF
シスメックス株式会社,医薬品,#003087
株式会社ニプロ,医薬品,#003087
東和薬品株式会社,医薬品,#003087
沢井製薬株式会社,医薬品,#003087
日医工株式会社,医薬品,#003087
ニチバン株式会社,医薬品,#003087
久光製薬株式会社,医薬品,#003087
小林製薬株式会社,医薬品,#E60012
株式会社メディパルホールディングス,医薬品,#003087
株式会社アルフレッサ ホールディングス,医薬品,#003087
株式会社スズケン,医薬品,#003087
東邦薬品株式会社,医薬品,#003087
東京電力ホールディングス株式会社,エネルギー,#003087
関西電力株式会社,エネルギー,#E60012
中部電力株式会社,エネルギー,#003087
東北電力株式会社,エネルギー,#003087
九州電力株式会社,エネルギー,#003087
北海道電力株式会社,エネルギー,#003087
北陸電力株式会社,エネルギー,#003087
中国電力株式会社,エネルギー,#003087
四国電力株式会社,エネルギー,#003087
沖縄電力株式会社,エネルギー,#003087
東京ガス株式会社,エネルギー,#003087
大阪ガス株式会社,エネルギー,#003087
東邦ガス株式会社,エネルギー,#003087
西部ガスホールディングス株式会社,エネルギー,#003087
ENEOSホールディングス株式会社,エネルギー,#E60012
出光興産株式会社,エネルギー,#003087
コスモエネルギーホールディングス株式会社,エネルギー,#003087
株式会社INPEX,エネルギー,#003087
国際石油開発帝石株式会社,エネルギー,#003087
株式会社電源開発,エネルギー,#003087
信越化学工業株式会社,化学,#003087
三菱ケミカルグループ株式会社,化学,#E60012
住友化学株式会社,化学,#003399
旭化成株式会社,化学,#E60012
東レ株式会社,化学,#003087
東洋紡株式会社,化学,#003087
帝人株式会社,化学,#003087
AGC株式会社,化学,#003087
株式会社クレハ,化学,#003087
花王株式会社,化学,#003087
ライオン株式会社,化学,#003087
資生堂株式会社,化学,#CC0000
コーセー株式会社,化学,#003087
ポーラ・オルビスホールディングス株式会社,化学,#003087
株式会社マンダム,化学,#003087
株式会社カネカ,化学,#003087
株式会社クラレ,化学,#003087
ダイセル株式会社,化学,#003087
日本ゼオン株式会社,化学,#003087
昭和電工株式会社,化学,#003087
日本触媒株式会社,化学,#003087
宇部興産株式会社,化学,#003087
三井化学株式会社,化学,#003087
JSR株式会社,化学,#003087
DIC株式会社,化学,#003087
株式会社ADEKA,化学,#003087
日本製鉄株式会社,メーカー,#003087
JFEホールディングス株式会社,メーカー,#003087
神戸製鋼所株式会社,メーカー,#003087
住友金属鉱山株式会社,メーカー,#003087
三菱マテリアル株式会社,メーカー,#E60012
日本軽金属ホールディングス株式会社,メーカー,#003087
UACJ株式会社,メーカー,#003087
株式会社神戸製鋼所,メーカー,#003087
大日本印刷株式会社,メーカー,#003087
TOPPANホールディングス株式会社,メーカー,#003087
王子ホールディングス株式会社,メーカー,#003087
日本製紙株式会社,メーカー,#003087
レンゴー株式会社,メーカー,#003087
任天堂株式会社,ゲーム/エンタメ,#CC0000
株式会社カプコン,ゲーム/エンタメ,#CC0000
株式会社コナミグループ,ゲーム/エンタメ,#CC0000
株式会社バンダイナムコエンターテインメント,ゲーム/エンタメ,#E60012
株式会社スクウェア・エニックス・ホールディングス,ゲーム/エンタメ,#003087
株式会社セガ,ゲーム/エンタメ,#003087
株式会社コーエーテクモホールディングス,ゲーム/エンタメ,#003087
株式会社フロム・ソフトウェア,ゲーム/エンタメ,#003087
株式会社サイゲームス,ゲーム/エンタメ,#003087
株式会社ガンホー・オンライン・エンターテイメント,ゲーム/エンタメ,#003087
株式会社オリエンタルランド,ゲーム/エンタメ,#003087
株式会社USJ,ゲーム/エンタメ,#003087
東宝株式会社,ゲーム/エンタメ,#003087
松竹株式会社,ゲーム/エンタメ,#003087
東映株式会社,ゲーム/エンタメ,#003087
株式会社エイベックス,ゲーム/エンタメ,#003087
株式会社ソニーミュージックグループ,ゲーム/エンタメ,#003087
株式会社吉本興業ホールディングス,ゲーム/エンタメ,#003087
株式会社Aiming,ゲーム/エンタメ,#003087
株式会社マイネット,ゲーム/エンタメ,#003087
株式会社グッドスマイルカンパニー,ゲーム/エンタメ,#003087
株式会社リクルートホールディングス,人材/教育,#E60012
パーソルホールディングス株式会社,人材/教育,#003087
株式会社パソナグループ,人材/教育,#003087
株式会社エン・ジャパン,人材/教育,#FF6600
株式会社ベネッセホールディングス,人材/教育,#003087
株式会社学研ホールディングス,人材/教育,#003087
株式会社ナガセ,人材/教育,#003087
株式会社増進会ホールディングス,人材/教育,#003087
株式会社リンクアンドモチベーション,人材/教育,#FF6600
株式会社ネオキャリア,人材/教育,#003087
株式会社ディップ,人材/教育,#003087
株式会社エスエムエス,人材/教育,#003087
株式会社インソース,人材/教育,#003087
株式会社JTB,サービス,#003087
近畿日本ツーリスト株式会社,サービス,#E60012
エイチ・アイ・エス株式会社,サービス,#003087
株式会社帝国ホテル,サービス,#CC0000
株式会社ニューオータニ,サービス,#CC0000
ホテルオークラ株式会社,サービス,#CC0000
プリンスホテル株式会社,サービス,#003087
株式会社東急ホテルズ,サービス,#003087
株式会社アパホテル,サービス,#CC0000
株式会社ルートインホテルズ,サービス,#003087
株式会社東横イン,サービス,#003087
株式会社星野リゾート,サービス,#003087
株式会社ニチイ学館,サービス,#003087
SOMPOケア株式会社,サービス,#003087
株式会社ベネッセスタイルケア,サービス,#003087
日本マクドナルド株式会社,サービス,#FFC72C
ゼンショーホールディングス株式会社,サービス,#E60012
株式会社吉野家ホールディングス,サービス,#E60012
松屋フーズホールディングス株式会社,サービス,#003087
株式会社サイゼリヤ,サービス,#003087
株式会社王将フードサービス,サービス,#CC0000
株式会社くら寿司,サービス,#003087
FOOD & LIFE COMPANIES株式会社,サービス,#CC0000
株式会社すかいらーくホールディングス,サービス,#003087
日本ケンタッキー・フライド・チキン株式会社,サービス,#CC0000
株式会社モスフードサービス,サービス,#CC0000
株式会社ロイヤルホールディングス,サービス,#003087
株式会社コメダホールディングス,サービス,#CC0000
株式会社ドトール・日レスホールディングス,サービス,#003087
株式会社スターバックス コーヒー ジャパン,サービス,#00704A
株式会社ダスキン,サービス,#003087
株式会社セコム,サービス,#E60012
綜合警備保障株式会社,サービス,#003087
味の素株式会社,食品,#E60012
サントリーホールディングス株式会社,食品,#003087
アサヒグループホールディングス株式会社,食品,#003087
キリンホールディングス株式会社,食品,#003087
サッポロホールディングス株式会社,食品,#003087
宝ホールディングス株式会社,食品,#003087
日清食品ホールディングス株式会社,食品,#CC0000
日本ハム株式会社,食品,#CC0000
明治ホールディングス株式会社,食品,#CC0000
江崎グリコ株式会社,食品,#CC0000
カルビー株式会社,食品,#CC0000
森永製菓株式会社,食品,#003087
キッコーマン株式会社,食品,#CC0000
ハウス食品グループ本社株式会社,食品,#CC0000
カゴメ株式会社,食品,#CC0000
日清製粉グループ本社株式会社,食品,#003087
雪印メグミルク株式会社,食品,#003087
株式会社ヤクルト本社,食品,#E60012
伊藤園株式会社,食品,#228B22
コカ・コーラボトラーズジャパンホールディングス株式会社,食品,#E60012
サントリー食品インターナショナル株式会社,食品,#003087
山崎製パン株式会社,食品,#003087
株式会社ニップン,食品,#003087
株式会社日清オイリオグループ,食品,#003087
不二製油グループ本社株式会社,食品,#003087
株式会社明治,食品,#CC0000
森永乳業株式会社,食品,#003087
雪印ビーンスターク株式会社,食品,#003087
グリコ乳業株式会社,食品,#CC0000
株式会社伊藤ハム,食品,#003087
プリマハム株式会社,食品,#003087
丸大食品株式会社,食品,#003087
ニチレイ株式会社,食品,#003087
日本水産株式会社,食品,#003087
マルハニチロ株式会社,食品,#003087
日清製粉株式会社,食品,#003087
株式会社ロッテホールディングス,食品,#CC0000
チョコレートカカオ社,食品,#CC0000
日本たばこ産業株式会社,食品,#003087
キユーピー株式会社,食品,#CC0000
株式会社Mizkan Holdings,食品,#003087
ケロッグジャパン株式会社,食品,#CC0000
株式会社ブルボン,食品,#003087
株式会社湖池屋,食品,#003087
亀田製菓株式会社,食品,#003087
株式会社オービック,IT/通信,#003087
株式会社電通ライブ,広告,#E60012
株式会社JTBコーポレートセールス,サービス,#003087
株式会社東武トップツアーズ,サービス,#003087
株式会社近畿日本ツーリスト個人旅行,サービス,#E60012
株式会社エクスペディアホールディングス,サービス,#003087
楽天トラベル株式会社,サービス,#BF0000
株式会社じゃらんリサーチセンター,サービス,#003087
株式会社一休,サービス,#003087
阪急交通社株式会社,サービス,#003087
クラブツーリズム株式会社,サービス,#003087
株式会社日本旅行,サービス,#CC0000
トラベルサービス株式会社,サービス,#003087
株式会社アートコーポレーション,サービス,#003087
サカイ引越センター株式会社,サービス,#CC0000
アリさんマークの引越社,サービス,#CC0000
ハート引越センター株式会社,サービス,#CC0000
株式会社アーク引越センター,サービス,#CC0000
株式会社ライクホールディングス,人材/教育,#003087
株式会社スタッフサービス・ホールディングス,人材/教育,#003087
テンプスタッフ株式会社,人材/教育,#003087
アデコ株式会社,人材/教育,#CC0000
マンパワーグループ株式会社,人材/教育,#003087
株式会社リクルートスタッフィング,人材/教育,#E60012
パーソルテンプスタッフ株式会社,人材/教育,#003087
株式会社ヒューマンリソシア,人材/教育,#003087
株式会社アウトソーシング,人材/教育,#003087
株式会社UT グループ,人材/教育,#003087
株式会社総合メディカルホールディングス,医薬品,#003087
株式会社メドレー,医薬品,#003087
エムスリー株式会社,医薬品,#003399
株式会社カケハシ,医薬品,#003087
PHCホールディングス株式会社,医薬品,#003087
国際医療福祉大学,人材/教育,#003087
学校法人慶應義塾,人材/教育,#003087
学校法人早稲田大学,人材/教育,#CC0000
株式会社ベネッセコーポレーション,人材/教育,#003087
株式会社旺文社,人材/教育,#003087
株式会社ケイ・シー・エス,IT/通信,#003087
株式会社データビークル,IT/通信,#003087
株式会社エフサス,IT/通信,#003087
株式会社トップゲート,IT/通信,#4285F4
株式会社クラスメソッド,IT/通信,#003087
株式会社サーバーワークス,IT/通信,#003087
株式会社ネットワーク・アプリケーション・コミュニケーション,IT/通信,#003087
株式会社モルフォ,IT/通信,#003087
株式会社インフォキュービックスジャパン,IT/通信,#003087
株式会社グローバルウェイ,IT/通信,#003087
株式会社VOYAGE GROUP,IT/通信,#003087
株式会社M&Aキャピタルパートナーズ,コンサル,#003087
株式会社日本M&Aセンターホールディングス,コンサル,#003087
株式会社ストライク,コンサル,#003087
株式会社バトン,コンサル,#003087
三菱UFJ国際投信株式会社,金融,#E60012
アセットマネジメントOne株式会社,金融,#003087
ニッセイアセットマネジメント株式会社,金融,#E60012
大和アセットマネジメント株式会社,金融,#0033A0
野村アセットマネジメント株式会社,金融,#E60012
フィデリティ投信株式会社,金融,#003087
ブラックロック・ジャパン株式会社,金融,#000000
シュローダー・インベストメント・マネジメント,金融,#003087
株式会社みずほフィナンシャルグループ,金融,#003087
株式会社三菱UFJフィナンシャル・グループ,金融,#E60012
株式会社三井住友フィナンシャルグループ,金融,#00A040
株式会社りそなホールディングス,金融,#E60012
株式会社新生銀行,金融,#003087
株式会社あおぞら銀行,金融,#003087
株式会社北洋銀行,金融,#003087
株式会社北海道銀行,金融,#003087
株式会社東北銀行,金融,#003087
株式会社秋田銀行,金融,#003087
株式会社山形銀行,金融,#003087
株式会社庄内銀行,金融,#003087
株式会社北都銀行,金融,#003087
株式会社荘内銀行,金融,#003087
株式会社東邦銀行,金融,#003087
株式会社岩手銀行,金融,#003087
株式会社青森銀行,金融,#003087
株式会社みちのく銀行,金融,#003087
株式会社岩手めぐみ銀行,金融,#003087
株式会社七十七銀行,金融,#003087
武蔵野銀行株式会社,金融,#003087
株式会社東日本銀行,金融,#003087
株式会社京葉銀行,金融,#003087
株式会社千葉興業銀行,金融,#003087
株式会社武蔵野銀行,金融,#003087
株式会社東和銀行,金融,#003087
株式会社栃木銀行,金融,#003087
株式会社山梨中央銀行,金融,#003087
株式会社八十二銀行,金融,#003087
株式会社長野銀行,金融,#003087
株式会社北越銀行,金融,#003087
株式会社大光銀行,金融,#003087
株式会社富山銀行,金融,#003087
株式会社北陸銀行,金融,#003087
株式会社福邦銀行,金融,#003087
株式会社浜松磐田信用金庫,金融,#003087
株式会社愛知銀行,金融,#003087
株式会社中京銀行,金融,#003087
株式会社名古屋銀行,金融,#003087
株式会社三重銀行,金融,#003087
株式会社百五銀行,金融,#003087
株式会社滋賀銀行,金融,#003087
株式会社京都銀行,金融,#003087
株式会社池田泉州銀行,金融,#003087
株式会社南都銀行,金融,#003087
株式会社紀陽銀行,金融,#003087
株式会社但馬銀行,金融,#003087
株式会社鳥取銀行,金融,#003087
株式会社山陰合同銀行,金融,#003087
株式会社中国銀行,金融,#003087
株式会社広島銀行,金融,#003087
株式会社山口銀行,金融,#003087
株式会社トマト銀行,金融,#CC0000
株式会社もみじ銀行,金融,#CC0000
株式会社西京銀行,金融,#003087
株式会社徳島大正銀行,金融,#003087
株式会社阿波銀行,金融,#003087
株式会社百十四銀行,金融,#003087
株式会社愛媛銀行,金融,#003087
株式会社伊予銀行,金融,#003087
株式会社四国銀行,金融,#003087
株式会社高知銀行,金融,#003087
株式会社福岡銀行,金融,#003087
株式会社西日本シティ銀行,金融,#003087
株式会社北九州銀行,金融,#003087
株式会社筑邦銀行,金融,#003087
株式会社佐賀銀行,金融,#003087
株式会社長崎銀行,金融,#003087
株式会社十八親和銀行,金融,#003087
株式会社熊本銀行,金融,#003087
株式会社肥後銀行,金融,#003087
株式会社大分銀行,金融,#003087
株式会社豊和銀行,金融,#003087
株式会社宮崎銀行,金融,#003087
株式会社宮崎太陽銀行,金融,#003087
株式会社鹿児島銀行,金融,#003087
株式会社南日本銀行,金融,#003087
株式会社沖縄銀行,金融,#003087
株式会社琉球銀行,金融,#003087
株式会社沖縄海邦銀行,金融,#003087
日本政策投資銀行,金融,#003087
日本政策金融公庫,金融,#003087
国際協力銀行,金融,#003087
商工組合中央金庫,金融,#003087
農林中央金庫,金融,#228B22
SBI新生銀行,金融,#003399
株式会社PayPay銀行,金融,#003087
株式会社auじぶん銀行,金融,#E60012
株式会社ソニー銀行,金融,#003087
株式会社楽天銀行,金融,#BF0000
株式会社住信SBIネット銀行,金融,#003399
PayPay株式会社,IT/通信,#003087
株式会社メルペイ,IT/通信,#FF0211
LINE Pay株式会社,IT/通信,#06C755
株式会社d払い（NTTドコモ）,IT/通信,#E60012
au PAY株式会社,IT/通信,#E60012
株式会社東急ハンズ,小売,#003087
株式会社ハンズマン,小売,#003087
株式会社ロフト,小売,#003087
株式会社ドン・キホーテ,小売,#E60012
株式会社ビレッジバンガード,小売,#E60012
株式会社タワーレコード,小売,#E60012
株式会社山野楽器,小売,#003087
株式会社島村楽器,小売,#003087
株式会社ハードオフコーポレーション,小売,#003087
株式会社リサイクルショップWARABINO,小売,#003087
株式会社まんだらけ,小売,#003087
株式会社ライドオンエクスプレスホールディングス,サービス,#E60012
株式会社ペッパーフードサービス,サービス,#CC0000
株式会社幸楽苑ホールディングス,サービス,#CC0000
株式会社リンガーハット,サービス,#CC0000
株式会社松屋フーズ,サービス,#003087
株式会社なか卯,サービス,#003087
株式会社テンアライド,サービス,#003087
株式会社串カツ田中ホールディングス,サービス,#003087
株式会社鳥貴族ホールディングス,サービス,#CC0000
株式会社焼肉坂井ホールディングス,サービス,#CC0000
株式会社壱番屋,サービス,#CC0000
株式会社バーミヤン,サービス,#003087
株式会社ガスト,サービス,#003087
株式会社デニーズジャパン,サービス,#003087
株式会社ジョイフル,サービス,#003087
株式会社サイゼリヤ,サービス,#003087
アシックス株式会社,メーカー,#1D1D1B
ミズノ株式会社,メーカー,#003087
デサント株式会社,メーカー,#003087
ゴールドウイン株式会社,メーカー,#003087
ヨネックス株式会社,メーカー,#003087
株式会社オンワードホールディングス,小売,#003087
株式会社ワールド,小売,#003087
株式会社三陽商会,小売,#003087
株式会社TSIホールディングス,小売,#003087
株式会社ポイント,小売,#003087
株式会社ストライプインターナショナル,小売,#003087
株式会社アダストリア,小売,#003087
株式会社クロスカンパニー,小売,#003087
株式会社ハニーズホールディングス,小売,#003087
株式会社レナウン,小売,#003087
コクヨ株式会社,メーカー,#003087
プラス株式会社,メーカー,#003087
パイロットコーポレーション,メーカー,#003087
三菱鉛筆株式会社,メーカー,#003087
ぺんてる株式会社,メーカー,#003087
株式会社バンダイ,ゲーム/エンタメ,#E60012
株式会社タカラトミー,ゲーム/エンタメ,#CC0000
株式会社エポック社,ゲーム/エンタメ,#003087
株式会社メガハウス,ゲーム/エンタメ,#003087
グッドスマイルカンパニー株式会社,ゲーム/エンタメ,#003087
株式会社コトブキヤ,ゲーム/エンタメ,#003087
株式会社ウェーブ,ゲーム/エンタメ,#003087
株式会社アルター,ゲーム/エンタメ,#003087
株式会社マックスファクトリー,ゲーム/エンタメ,#003087
株式会社フリュー,ゲーム/エンタメ,#003087
株式会社エニックス,ゲーム/エンタメ,#003087
株式会社レベルファイブ,ゲーム/エンタメ,#003087
株式会社マーベラス,ゲーム/エンタメ,#003087
株式会社ATLUS,ゲーム/エンタメ,#003087
株式会社スパイク・チュンソフト,ゲーム/エンタメ,#003087
株式会社アクワイア,ゲーム/エンタメ,#003087
株式会社ガンバリオン,ゲーム/エンタメ,#003087
株式会社イリス,ゲーム/エンタメ,#003087
株式会社コーエー,ゲーム/エンタメ,#003087
株式会社テクモ,ゲーム/エンタメ,#003087
株式会社ハドソン,ゲーム/エンタメ,#003087
株式会社ナムコ,ゲーム/エンタメ,#003087
株式会社データイースト,ゲーム/エンタメ,#003087
日本デジタルゲームズ株式会社,ゲーム/エンタメ,#003087
株式会社エレメンツ,ゲーム/エンタメ,#003087
株式会社カルチャーブレーン,ゲーム/エンタメ,#003087
株式会社アイレム,ゲーム/エンタメ,#003087
株式会社ジャレコ,ゲーム/エンタメ,#003087
株式会社タイトー,ゲーム/エンタメ,#003087
株式会社SNKプレイモア,ゲーム/エンタメ,#003087
株式会社ハムスター,ゲーム/エンタメ,#003087
株式会社システムソフト・アルファ,ゲーム/エンタメ,#003087
株式会社コンパイルハート,ゲーム/エンタメ,#003087
株式会社日本一ソフトウェア,ゲーム/エンタメ,#003087
株式会社フォグ,ゲーム/エンタメ,#003087
株式会社ケムコ,ゲーム/エンタメ,#003087
株式会社ブロッコリー,ゲーム/エンタメ,#003087
株式会社ゼルダ,ゲーム/エンタメ,#003087
株式会社ナリス化粧品,化学,#003087
株式会社コーセー,化学,#003087
株式会社カネボウ化粧品,化学,#003087
株式会社ちふれ化粧品,化学,#003087
株式会社ピアス,化学,#003087
株式会社ホーユー,化学,#003087
株式会社シュウウエムラ,化学,#003087
株式会社ポーラ,化学,#003087
株式会社オルビス,化学,#003087
株式会社DHC,化学,#003087
株式会社ドクターシーラボ,化学,#003087
株式会社ファンケル,化学,#003087
株式会社オルビス,化学,#003087
株式会社アルビオン,化学,#003087
株式会社アモーレパシフィックジャパン,化学,#003087
株式会社電通ライブ,広告,#E60012
株式会社ハクホウドウ,広告,#E60012
株式会社共同ピーアール,広告,#003087
株式会社サニーサイドアップグループ,広告,#003087
株式会社プラップジャパン,広告,#003087
株式会社TBWA HAKUHODO,広告,#E60012
株式会社DDB Japan,広告,#CC0000
オグルヴィ・ジャパン株式会社,広告,#CC0000
グレイワールドワイド株式会社,広告,#003087
リンタス・ジャパン,広告,#003087
マッキャン・ヘルスケア・ワールドワイド・ジャパン,広告,#CC0000
株式会社アサツーディ・ケイ,広告,#003087
株式会社サイバーエージェント（広告部門）,広告,#21B526
GMOインターネットグループ株式会社,IT/通信,#003087
GMO ペイメントゲートウェイ株式会社,IT/通信,#003087
株式会社GMO メディア,IT/通信,#003087
GMO リサーチ株式会社,IT/通信,#003087
株式会社GMO クリック証券,金融,#003087
GMO フィナンシャルホールディングス株式会社,金融,#003087
株式会社SBI 新生銀行,金融,#003399
株式会社スルガ銀行,金融,#003087
三菱UFJインフォメーションテクノロジー株式会社,IT/通信,#E60012
みずほ情報総研株式会社,IT/通信,#003087
三井住友海上システムズ株式会社,IT/通信,#00A040
損害保険ジャパン情報システム株式会社,IT/通信,#0066CC
株式会社かんぽシステムソリューションズ,IT/通信,#E60012
株式会社アルプス技研,IT/通信,#003087
株式会社テクノプロ・ホールディングス,IT/通信,#003087
株式会社メイテックホールディングス,IT/通信,#003087
パナソニックシステムネットワークス株式会社,IT/通信,#003087
株式会社ソフトウェアサービス,IT/通信,#003087
株式会社シグマシステム,IT/通信,#003087
株式会社トランスコスモス,IT/通信,#003087
株式会社ベルシステム24ホールディングス,IT/通信,#003087
株式会社ビーウィズ,IT/通信,#003087
KDDI エボルバ株式会社,IT/通信,#E60012
株式会社TMJ,IT/通信,#003087
株式会社りらいあコミュニケーションズ,IT/通信,#003087
株式会社メットライフ生命保険,金融,#003087
大樹生命保険株式会社,金融,#003087
太陽生命保険株式会社,金融,#CC0000
はなさく生命保険株式会社,金融,#003087
FWD富士生命保険株式会社,金融,#003087
株式会社チューリッヒ保険会社,金融,#003087
損害保険ジャパン株式会社,金融,#0066CC
セゾン自動車火災保険株式会社,金融,#003087
株式会社そんぽ24,金融,#003087
あいおい損保,金融,#003087
日新火災海上保険株式会社,金融,#003087
富士火災海上保険株式会社,金融,#E60012
東京海上ホールディングス株式会社,金融,#E1A117
MSADインシュアランスグループホールディングス株式会社,金融,#003087
SOMPOホールディングス株式会社,金融,#0066CC
株式会社みずほ証券,金融,#003087
株式会社カブドットコム証券,金融,#003087
フィリップ証券株式会社,金融,#003087
岡三証券株式会社,金融,#003087
株式会社いちよし証券,金融,#003087
東洋証券株式会社,金融,#003087
国際証券株式会社,金融,#003087
株式会社水戸証券,金融,#003087
極東証券株式会社,金融,#003087
藍澤證券株式会社,金融,#003087
株式会社むさし証券,金融,#003087
株式会社ストックジャパン,金融,#003087
岩井コスモ証券株式会社,金融,#003087
ひかり証券株式会社,金融,#003087
株式会社エイチ・エス証券,金融,#003087
丸三証券株式会社,金融,#003087
大和証券投資信託委託株式会社,金融,#0033A0
ニッコー証券株式会社,金融,#003087
フィリップ証券,金融,#003087
株式会社ウシオ電機,メーカー,#003087
株式会社岩崎電気,メーカー,#003087
株式会社日本フイルコン,メーカー,#003087
日立金属株式会社,メーカー,#E60012
株式会社プロテリアル,メーカー,#E60012
株式会社NSSMC,メーカー,#003087
山特殊鋼株式会社,メーカー,#003087
大同特殊鋼株式会社,メーカー,#003087
愛知製鋼株式会社,メーカー,#003087
旭鉄工株式会社,メーカー,#003087
中部鋼鈑株式会社,メーカー,#003087
日新製鋼株式会社,メーカー,#003087
株式会社神戸製鋼所,メーカー,#003087
東京製鐵株式会社,メーカー,#003087
東京鐵鋼株式会社,メーカー,#003087
新日鉄住金ステンレス株式会社,メーカー,#003087
日本冶金工業株式会社,メーカー,#003087
大平洋金属株式会社,メーカー,#003087
日本メタルサービス株式会社,メーカー,#003087
株式会社ゴールドウイン,メーカー,#003087
帝国繊維株式会社,メーカー,#003087
東洋紡株式会社,化学,#003087
帝人フロンティア株式会社,化学,#003087
東レ株式会社（繊維部門）,化学,#003087
クラボウ株式会社,化学,#003087
ユニチカ株式会社,化学,#003087
株式会社片倉工業,化学,#003087
林テレンプ株式会社,メーカー,#003087
株式会社オカムラ,メーカー,#003087
株式会社内田洋行,メーカー,#003087
株式会社イトーキ,メーカー,#003087
株式会社岡村製作所,メーカー,#003087
コクヨファニチャー株式会社,メーカー,#003087
プラス株式会社（家具部門）,メーカー,#003087
株式会社カリモク家具,メーカー,#003087
大塚家具株式会社,小売,#003087
株式会社ニトリ,小売,#003087
株式会社IDC大塚家具,小売,#003087
株式会社niko and ...,小売,#003087
インターデコハウス株式会社,建設,#003087
スウェーデンハウス株式会社,建設,#003087
アイ工務店株式会社,建設,#003087
株式会社タマホーム,建設,#CC0000
ヤマダホームズ株式会社,建設,#CC0000
東栄住宅株式会社,建設,#003087
株式会社飯田グループホールディングス,建設,#003087
一建設株式会社,建設,#003087
木下工務店株式会社,建設,#003087
工務店ホールディングス株式会社,建設,#003087
株式会社ハウスメーカーA,建設,#003087
株式会社セルコホーム,建設,#003087
株式会社ユニバーサルホーム,建設,#003087
サンヨーホームズ株式会社,建設,#003087
住友林業ホームテック株式会社,建設,#003087
パナホーム株式会社,建設,#003087
旭化成リフォーム株式会社,建設,#E60012
積水化学工業（住宅事業部）,建設,#003087
大阪ガスケミカル株式会社,化学,#003087
三菱瓦斯化学株式会社,化学,#E60012
三菱ケミカル株式会社,化学,#E60012
株式会社カネカ,化学,#003087
積水化学工業株式会社,化学,#003087
株式会社クレハ,化学,#003087
電気化学工業株式会社,化学,#003087
東ソー株式会社,化学,#003087
日本カーボン株式会社,化学,#003087
東レ・カーボンマジック株式会社,化学,#003087
帝人株式会社,化学,#003087
東レ株式会社,化学,#003087
旭化成株式会社,化学,#E60012
株式会社住友ベークライト,化学,#003399
株式会社セキスイ化成品工業,化学,#003087
株式会社日本樹脂技術,化学,#003087
日油株式会社,化学,#003087
油化工業株式会社,化学,#003087
株式会社花王ケミカル,化学,#003087
ライオン化工株式会社,化学,#003087
東京インキ株式会社,化学,#003087
株式会社太陽インキ製造,化学,#CC0000
シャチハタ株式会社,メーカー,#CC0000
セメダイン株式会社,化学,#CC0000
株式会社スリーエムジャパン,化学,#CC0000
日東化工株式会社,化学,#003087
古川電工株式会社,メーカー,#003087
古河電気工業株式会社,メーカー,#003087
日立電線株式会社,メーカー,#E60012
昭和電線ホールディングス株式会社,メーカー,#003087
株式会社フジクラ,メーカー,#003087
住友電工スチールワイヤー株式会社,メーカー,#003399
三菱電線工業株式会社,メーカー,#E60012
矢崎エナジーシステム株式会社,メーカー,#003087
株式会社沖電気工業,メーカー,#003087
富士通エレクトロニクス株式会社,IT/通信,#FF0000
日立システムズ株式会社,IT/通信,#E60012
パナソニックシステムソリューションズジャパン株式会社,IT/通信,#003087
三菱電機インフォメーションシステムズ株式会社,IT/通信,#E60012
NECネッツエスアイ株式会社,IT/通信,#003399
NTT西日本-ネクスト株式会社,IT/通信,#0055D4
NTTアドバンステクノロジ株式会社,IT/通信,#0055D4
NTTデータ先端技術株式会社,IT/通信,#0055D4
日本ユニシス株式会社,IT/通信,#003087
株式会社JASTEC,IT/通信,#003087
株式会社アイビーシー,IT/通信,#003087
株式会社エスケイネット,IT/通信,#003087
株式会社ゼンリン,IT/通信,#003087
株式会社地図情報サービス,IT/通信,#003087
株式会社ゼンリンデータコム,IT/通信,#003087
株式会社インクリメントP,IT/通信,#003087
株式会社Mierune,IT/通信,#003087
株式会社パスコ,IT/通信,#003087
株式会社国際航業,IT/通信,#003087
アジア航測株式会社,IT/通信,#003087
株式会社日本スペースイメージング,IT/通信,#003087
三菱スペース・ソフトウエア株式会社,IT/通信,#E60012
株式会社インフォコム,IT/通信,#003087
株式会社富士通マーケティング,IT/通信,#FF0000
株式会社日立システム,IT/通信,#E60012
日本電気通信システム株式会社,IT/通信,#003399
パナソニックIS株式会社,IT/通信,#003087
株式会社ソニービジネスソリューションズ,IT/通信,#003087
株式会社キヤノンITソリューションズ,IT/通信,#CC0000
株式会社リコーITソリューションズ,IT/通信,#003A96
コニカミノルタジャパン株式会社,IT/通信,#003A96
セイコーエプソン販売株式会社,IT/通信,#003087
ブラザー販売株式会社,IT/通信,#003C8F
株式会社ダイセル情報システム,IT/通信,#003087
株式会社KBC,IT/通信,#003087
株式会社VSNホールディングス,IT/通信,#003087
電通国際情報サービス（ISID）,IT/通信,#003087
株式会社SRAホールディングス,IT/通信,#003087
株式会社ソフトウェアAS,IT/通信,#003087
株式会社サイバネットシステム,IT/通信,#003087
株式会社テクノスジャパン,IT/通信,#003087
株式会社エクサ,IT/通信,#003087
株式会社インフォネット,IT/通信,#003087
株式会社オービックビジネスコンサルタント,IT/通信,#003087
ミロク情報サービス株式会社,IT/通信,#003087
株式会社ピー・シー・エー,IT/通信,#003087
弥生株式会社,IT/通信,#003087
株式会社ネットスイート,IT/通信,#003087
株式会社ジーデックス,IT/通信,#003087
株式会社エムアップホールディングス,IT/通信,#003087
株式会社フルキャスト,人材/教育,#003087
株式会社バイト革命,人材/教育,#003087
株式会社シェアフル,人材/教育,#003087
株式会社タイミー,人材/教育,#003087
株式会社すきま,人材/教育,#003087
株式会社HELPAGE,人材/教育,#003087
株式会社キャリアデザインセンター,人材/教育,#003087
株式会社マイナビ,人材/教育,#E60012
株式会社リクナビ,人材/教育,#E60012
株式会社学情,人材/教育,#003087
株式会社DISCO,人材/教育,#003087
株式会社ワンキャリア,人材/教育,#003087
株式会社OfferBox,人材/教育,#003087
株式会社キャリタス,人材/教育,#003087
株式会社iroots,人材/教育,#003087
株式会社外資就活ドットコム,人材/教育,#003087
株式会社ダイヤモンドソーシャル,人材/教育,#003087
株式会社リクルートマーケティングパートナーズ,人材/教育,#E60012
株式会社ネオキャリア,人材/教育,#003087
株式会社ビジョン,IT/通信,#003087
株式会社ソネット・メディア・ネットワークス,IT/通信,#003087
株式会社フリークアウト・ホールディングス,IT/通信,#003087
株式会社プレミアアンチエイジング,化学,#003087
株式会社ハーゲンダッツジャパン,食品,#003087
株式会社ロッテ,食品,#CC0000
株式会社明治,食品,#CC0000
株式会社森永乳業,食品,#003087
株式会社グリコ,食品,#CC0000
株式会社カゴメ,食品,#CC0000
株式会社QBFoods,食品,#003087
株式会社日清医療食品,食品,#003087
株式会社フジッコ,食品,#003087
株式会社オイシックス・ラ・大地,食品,#228B22
株式会社ハウス食品,食品,#CC0000
SBフーズ株式会社,食品,#003087
テーブルマーク株式会社,食品,#003087
株式会社ロック・フィールド,食品,#003087
株式会社デリカフーズホールディングス,食品,#228B22
株式会社正栄食品工業,食品,#003087
株式会社東洋水産,食品,#CC0000
エースコック株式会社,食品,#CC0000
株式会社サンヨー食品,食品,#003087
株式会社マルちゃん,食品,#CC0000
株式会社ニッスイ,食品,#003087
株式会社大洋漁業,食品,#003087
株式会社東洋製罐,メーカー,#003087
株式会社大和製罐,メーカー,#003087
東洋鋼鈑株式会社,メーカー,#003087
株式会社昭和アルミニウム缶,メーカー,#003087
北海製罐株式会社,メーカー,#003087
株式会社TOPPAN,メーカー,#003087
大日本印刷株式会社,メーカー,#003087
株式会社共同印刷,メーカー,#003087
太平洋セメント株式会社,メーカー,#003087
住友大阪セメント株式会社,メーカー,#003399
宇部三菱セメント株式会社,メーカー,#003087
デンカ株式会社,化学,#003087
株式会社ADEKA,化学,#003087
日産化学株式会社,化学,#003087
田辺三菱製薬株式会社,医薬品,#003087
大日本住友製薬株式会社,医薬品,#003399
久光製薬株式会社,医薬品,#003087
東和薬品株式会社,医薬品,#003087
ツムラ株式会社,医薬品,#228B22
株式会社メルク（日本法人）,医薬品,#003087
株式会社ノバルティス ファーマ,医薬品,#003087
株式会社ロシュ・ダイアグノスティックス,医薬品,#003087
アストラゼネカ株式会社,医薬品,#003087
ファイザー株式会社,医薬品,#003087
ヤンセン ファーマ株式会社,医薬品,#CC0000
バイエル薬品株式会社,医薬品,#CC0000
日本イーライリリー株式会社,医薬品,#CC0000
グラクソ・スミスクライン株式会社,医薬品,#FF6600
サノフィ株式会社,医薬品,#5F64F2
ブリストル・マイヤーズ スクイブ株式会社,医薬品,#CC0000
株式会社ベクトン・ディッキンソン,医薬品,#003087
GEヘルスケア・ジャパン株式会社,医薬品,#0B7DC7
シーメンスヘルスケア株式会社,医薬品,#003087
株式会社フクダ電子,医薬品,#003087
株式会社アルフレッサ,医薬品,#003087
三菱ガス化学株式会社,化学,#E60012
株式会社トクヤマ,化学,#003087
株式会社カーリットホールディングス,化学,#003087
関西ペイント株式会社,化学,#CC0000
中国塗料株式会社,化学,#003087
株式会社ロックペイント,化学,#CC0000
日本ペイントホールディングス株式会社,化学,#CC0000
株式会社ニッペコ,化学,#CC0000
大塚化学株式会社,化学,#003087
楠本化成株式会社,化学,#003087
新日本理化株式会社,化学,#003087
テイカ株式会社,化学,#003087
有機合成薬品工業株式会社,化学,#003087
株式会社高砂香料工業,化学,#003087
長谷川香料株式会社,化学,#003087
小川香料株式会社,化学,#003087
フレグランスジャーナル社,化学,#003087
清水化学株式会社,化学,#003087
株式会社明治ホールディングス,食品,#CC0000
伊藤園株式会社,食品,#228B22
サントリーウエルネス株式会社,食品,#003087
大塚製薬株式会社,医薬品,#003087
株式会社ポッカサッポロフード＆ビバレッジ,食品,#003087
三ツ矢サイダー株式会社,食品,#003087
カルピス株式会社,食品,#003087
アサヒ飲料株式会社,食品,#003087
キリンビバレッジ株式会社,食品,#003087
株式会社ダイドードリンコ,食品,#CC0000
富士フイルムビジネスイノベーション株式会社,IT/通信,#E60012
コニカミノルタ株式会社（IT部門）,IT/通信,#003A96
京セラドキュメントソリューションズ株式会社,IT/通信,#003087
シャープビジネスシステムズ株式会社,IT/通信,#FF6600
リコー株式会社（IT部門）,IT/通信,#003A96
OKIデータ株式会社,IT/通信,#003087
沖データ株式会社,IT/通信,#003087
株式会社オービックビジネスコンサルタント,IT/通信,#003087
ミロク情報サービス株式会社,IT/通信,#003087
株式会社TKC,IT/通信,#003087
PCA株式会社,IT/通信,#003087
株式会社スマレジ,IT/通信,#003087
株式会社Freee,IT/通信,#04A9BC
株式会社弥生,IT/通信,#003087
株式会社JDL,IT/通信,#003087
株式会社エプソンダイレクト,IT/通信,#003087
株式会社NX-グループ,物流/運輸,#CC0000
SGホールディングス株式会社,物流/運輸,#007A33
ヤマトホールディングス株式会社,物流/運輸,#FF6600
日本郵政株式会社,物流/運輸,#E60012
株式会社日立物流,物流/運輸,#E60012
三菱UFJロジスティクスホールディングス株式会社,物流/運輸,#E60012
三井倉庫ホールディングス株式会社,物流/運輸,#003087
住友倉庫株式会社,物流/運輸,#003399
上組株式会社,物流/運輸,#003087
東海運株式会社,物流/運輸,#003087
宇徳株式会社,物流/運輸,#003087
株式会社鴻池運輸,物流/運輸,#003087
株式会社ハマキョウレックス,物流/運輸,#003087
遠州トラック株式会社,物流/運輸,#003087
株式会社エコス,小売,#003087
株式会社ベルク,小売,#003087
株式会社ヤオコー,小売,#003087
株式会社カスミ,小売,#003087
株式会社東武ストア,小売,#E60012
株式会社西友,小売,#003087
株式会社イズミ,小売,#003087
株式会社バロー,小売,#003087
株式会社ゲンキー,小売,#003087
株式会社マルナカ,小売,#003087
株式会社マックスバリュ東海,小売,#003087
株式会社ビッグエー,小売,#003087
株式会社トライアルカンパニー,小売,#003087
株式会社フジ,小売,#003087
株式会社ハローズ,小売,#003087
株式会社スーパーバリュー,小売,#003087
株式会社東急フードショッピング,小売,#003087
株式会社相鉄ローゼン,小売,#003087
株式会社サントク,小売,#003087
株式会社西鉄ストア,小売,#003087
株式会社レッドキャベツ,小売,#CC0000
株式会社ヤマヤ,小売,#003087
株式会社名鉄ザ・プライスかけはし,小売,#003087
株式会社キューピットバレイ,小売,#003087
株式会社グルメシティ,小売,#003087
東日本リテイリング株式会社,小売,#003087
株式会社原信ナルスオペレーションサービス,小売,#003087
フードセンター松坂屋,小売,#003087
北野エース株式会社,小売,#003087
株式会社カルディコーヒーファーム,小売,#003087
株式会社コストコホールセールジャパン,小売,#003087
株式会社IKEA Japan,小売,#0058AB
株式会社ZARAジャパン,小売,#000000
株式会社H&M Japan,小売,#E60012
株式会社ABCマート,小売,#003087
株式会社チヨダ,小売,#003087
株式会社寿屋,小売,#003087
株式会社アリオ,小売,#003087
株式会社東急プラザ,小売,#003087
東神開発株式会社,不動産,#003087
株式会社電鉄系不動産,不動産,#003087
東急リバブル株式会社,不動産,#003087
住友不動産販売株式会社,不動産,#003399
三菱地所リアルエステートサービス株式会社,不動産,#003087
野村不動産ソリューションズ株式会社,不動産,#003087
東京建物不動産販売株式会社,不動産,#003087
大和ハウスリアルティ株式会社,不動産,#003087
積水ハウス不動産株式会社,不動産,#003087
パナソニックホームズ不動産株式会社,不動産,#003087
旭化成不動産レジデンス株式会社,不動産,#E60012
大和リース株式会社,不動産,#003087
三井不動産レジデンシャル株式会社,不動産,#003087
三菱地所レジデンス株式会社,不動産,#003087
住友不動産株式会社,不動産,#003399
株式会社シービーアールイー,不動産,#003087
ジョーンズ ラング ラサール株式会社,不動産,#CC0000
クッシュマン・アンド・ウェイクフィールド株式会社,不動産,#CC0000
株式会社コレックス,不動産,#003087
株式会社シノケングループ,不動産,#003087
株式会社アサックス,不動産,#003087
パークホームズ株式会社,不動産,#003087
株式会社ケイアイスター不動産,不動産,#003087
株式会社アーバネットコーポレーション,不動産,#003087
株式会社プロパティエージェント,不動産,#003087
株式会社日本ハウスホールディングス,建設,#003087
ウィルホームズ株式会社,建設,#003087
アキュラホーム株式会社,建設,#003087
ユニバーサルホーム株式会社,建設,#003087
ポラス株式会社,建設,#003087
飯田建設工業株式会社,建設,#003087
オープンハウス株式会社,建設,#CC0000
株式会社イチジョウ,建設,#003087
三和建設株式会社,建設,#003087
第一建設工業株式会社,建設,#003087
日揮ホールディングス株式会社,建設,#003087
千代田化工建設株式会社,建設,#003087
東洋エンジニアリング株式会社,建設,#003087
日本工営株式会社,建設,#003087
株式会社三井住友建設,建設,#003087
東急建設株式会社,建設,#003087
相鉄ビルマネジメント株式会社,不動産,#003087
株式会社スペースデザイン,不動産,#003087
株式会社東急コミュニティー,不動産,#003087
株式会社日本管財,サービス,#003087
株式会社レーサム,不動産,#003087
株式会社AMR,不動産,#003087
株式会社グローバル・リンク・マネジメント,不動産,#003087
株式会社フォーライフ不動産,不動産,#003087
日本空港ビルデング株式会社,サービス,#003087
株式会社ジャル・ホテルズ,サービス,#003087
ANAホールディングス株式会社,物流/運輸,#003087
スカイマーク株式会社,物流/運輸,#003087
AIR DO株式会社,物流/運輸,#003087
ピーチ・アビエーション株式会社,物流/運輸,#CC0000
株式会社バニラ・エア,物流/運輸,#003087
ジェットスター・ジャパン株式会社,物流/運輸,#FF6600
春秋航空日本株式会社,物流/運輸,#CC0000
株式会社フジドリームエアラインズ,物流/運輸,#003087
新日本航空株式会社,物流/運輸,#003087
北海道エアシステム株式会社,物流/運輸,#003087
琉球エアーコミューター株式会社,物流/運輸,#003087
国際空港ビジネスサービス株式会社,サービス,#003087
株式会社ANAエアポートサービス,サービス,#003087
株式会社JALスカイ,サービス,#003087
日本空港テクノ株式会社,サービス,#003087
日本航空インターナショナル株式会社,物流/運輸,#003087
全日空商事株式会社,商社,#003087
ANAセールス株式会社,サービス,#003087
JALシステムズ株式会社,IT/通信,#003087
ANAシステムズ株式会社,IT/通信,#003087
鹿島道路株式会社,建設,#003087
大成ロテック株式会社,建設,#003087
NIPPO株式会社,建設,#003087
三菱HCキャピタル株式会社,金融,#E60012
芙蓉総合リース株式会社,金融,#003087
リコーリース株式会社,金融,#003A96
NTTファイナンス株式会社,金融,#0055D4
オリックス・レンテック株式会社,金融,#003399
住友三井オートサービス株式会社,金融,#003087
デンソーファイナンス株式会社,金融,#003A8C
株式会社損保ジャパン,金融,#0066CC
あいおいニッセイ同和保険,金融,#003087
共栄火災海上保険株式会社,金融,#003087
セゾン自動車火災保険,金融,#003087
日新火災海上保険,金融,#003087
東京海上日動あんしん生命保険,金融,#E1A117
三井住友海上プライマリー生命保険株式会社,金融,#00A040
あいおいニッセイ同和生命保険株式会社,金融,#003087
SOMPOひまわり生命保険株式会社,金融,#0066CC
チューリッヒ生命保険株式会社,金融,#003087
マニュライフ生命保険株式会社,金融,#003087
プルデンシャル生命保険株式会社,金融,#003087
太陽生命保険株式会社,金融,#CC0000
大樹生命保険株式会社,金融,#003087
朝日生命保険相互会社,金融,#003087
三菱UFJ信託銀行株式会社（資産運用部門）,金融,#E60012
野村信託銀行株式会社,金融,#E60012
日本トラスティ・サービス信託銀行株式会社,金融,#003087
マスタートラスト信託銀行株式会社,金融,#003087
SMBC信託銀行株式会社,金融,#00A040
みずほ信託銀行株式会社,金融,#003087
イオン銀行株式会社,金融,#0070BE
セブン銀行株式会社,金融,#007DC5
株式会社ジャパンネット銀行,金融,#003087
