company_name,type,deadline,label,job_type,industry
NTT都市開発,本選考,2026-03-13,本選考,,不動産・建設
トヨタ不動産,本選考,2026-03-13,本選考,,不動産・建設
サンケイビル,本選考,2026-03-15,本選考,,不動産・建設
大阪ガス都市開発,本選考,2026-03-15,本選考 1次,,不動産・建設
ヒューリック,本選考,2026-03-16,本選考 2次,,不動産・建設
伊藤忠都市開発,本選考,2026-03-16,本選考,,不動産・建設
近鉄不動産,本選考,2026-03-18,本選考,,不動産・建設
東急不動産,本選考,2026-03-24,本選考 2次,,不動産・建設
森トラスト,本選考,2026-03-26,本選考1回目,,不動産・建設
ヒューリック,本選考,2026-03-31,本選考 3次,,不動産・建設
小田急不動産,本選考,2026-03-31,本選考,,不動産・建設
UR都市機構,本選考,2026-04-01,本選考,,不動産・建設
京王不動産,本選考,2026-04-03,本選考,,不動産・建設
大阪ガス都市開発,本選考,2026-04-05,本選考 最終,,不動産・建設
安田不動産,本選考,2026-04-07,本選考,,不動産・建設
三井物産都市開発,本選考,2026-04-08,本選考,,不動産・建設
三菱地所,本選考,2026-04-09,本選考 2期,,不動産・建設
野村不動産,本選考,2026-04-13,本選考 3回目,,不動産・建設
森トラスト,本選考,2026-04-16,本選考2回目,,不動産・建設
阪急阪神不動産,本選考,2026-04-21,本選考,,不動産・建設
東京建物,本選考,2026-04-26,本選考 2次,総合職,不動産・建設
長瀬産業,本選考,2026-03-10,本選考,オープン採用,商社
豊島,本選考,2026-03-10,本選考,総合職,商社
三井物産プラスチック,本選考,2026-03-11,本選考,,商社
稲畑産業,本選考,2026-03-11,本選考,総合職,商社
三菱商事RtMジャパン,本選考,2026-03-13,本選考,事務職,商社
メタルワン,本選考,2026-03-16,本選考,G職,商社
伊藤忠商事,本選考,2026-03-16,本選考,総合職,商社
豊田通商,本選考,2026-03-17,本選考 1次,,商社
日鉄物産,本選考,2026-03-18,本選考,,商社
全日空商事,本選考,2026-03-19,本選考,総合職,商社
巴工業,本選考,2026-03-20,本選考,,商社
三谷商事,本選考,2026-03-22,本選考,,商社
三井物産,本選考,2026-03-26,本選考,,商社
JFE商事,本選考,2026-03-26,本選考,,商社
伊藤忠丸紅住商テクノスチール,本選考,2026-03-29,本選考,,商社
伊藤忠ケミカルフロンティア,本選考,2026-03-30,本選考,,商社
岩谷産業,本選考,2026-03-31,本選考,,商社
豊田通商,本選考,2026-04-02,本選考 2次,,商社
三菱商事テクノス,本選考,2026-04-06,本選考,,商社
伊藤忠ケミカルフロンティア,本選考,2026-04-06,本選考 2次,総合職,商社
佐藤商事,本選考,2026-04-08,本選考,,商社
伊藤忠商事,本選考,2026-04-09,本選考,BX職,商社
住友商事マシネックス,本選考,2026-04-12,本選考,エリア総合職,商社
三菱商事,本選考,2026-04-13,本選考 6月選考,,商社
双日,本選考,2026-04-20,本選考,事務職,商社
阪和興業,本選考,2026-04-21,本選考,,商社
伊藤忠メタルズ,本選考,2026-04-27,本選考,,商社
東邦ガス,本選考,2026-03-08,本選考,,サービス・インフラ
積水化学工業,本選考,2026-03-08,本選考 技術2次,,メーカー
住友商事マシネックス,本選考,2026-03-08,本選考,,商社
ブルボン,本選考,2026-03-08,本選考 第2ターム,,メーカー
住友ファーマ,本選考,2026-03-08,本選考,経理・法務,メーカー
伊藤忠サイバー＆インテリジェンス,本選考,2026-03-08,本選考,,IT・通信
伊藤ハム米久HD,本選考,2026-03-08,本選考,営業職・システム職・販売職,メーカー
カネカ,本選考,2026-03-08,本選考,事務系,メーカー
北陸銀行,本選考,2026-03-08,本選考,,金融
兼松,本選考,2026-03-08,本選考,プロフェッショナル,商社
キッコーマン,本選考,2026-03-08,本選考,エンジニアリング,メーカー
TBSアクト,本選考,2026-03-08,本選考 2次,,マスコミ・広告・エンタメ
JX金属,本選考,2026-03-08,本選考,事務系・情報系,メーカー
白河電気工業,本選考,2026-03-08,本選考,,メーカー
ソニー・ホンダモビリティ,本選考,2026-03-08,本選考,,メーカー
住友金属鉱山,本選考,2026-03-08,本選考,事務系総合職,メーカー
関西ペイント,本選考,2026-03-08,本選考,,メーカー
塩野義製薬,本選考,2026-03-08,本選考,,メーカー
東急ライフィア,本選考,2026-03-08,本選考 1回目,,不動産・建設
長谷川香料,本選考,2026-03-08,本選考,研究職,メーカー
JSR,本選考,2026-03-08,本選考,,メーカー
象印マホービン,本選考,2026-03-08,本選考,東京・大阪,メーカー
日本ペイントグループ,本選考,2026-03-08,本選考,,メーカー
安川電機,本選考,2026-03-08,本選考,事務系,メーカー
トラスコ中山,本選考,2026-03-08,本選考,,商社
スタンレー電気,本選考,2026-03-08,本選考,,メーカー
トヨタ紡織,本選考,2026-03-08,本選考,,メーカー
小糸製作所,本選考,2026-03-08,本選考,,メーカー
積水ハウス,本選考,2026-03-08,本選考,,不動産・建設
富士通,本選考,2026-03-08,本選考 第1ターム,,IT・通信
三越伊勢丹システム・ソリューションズ,本選考,2026-03-08,本選考,,IT・通信
日清オイリオグループ,本選考,2026-03-08,本選考 1回目,,メーカー
信金中央金庫,本選考,2026-03-08,本選考,,金融
ソニー生命保険,本選考,2026-03-08,本選考,,金融
SBIグループ,本選考,2026-03-08,本選考,,金融
商工中金,本選考,2026-03-08,本選考,,金融
農中情報システム,本選考,2026-03-08,本選考,,IT・通信
農林中央金庫,本選考,2026-03-08,本選考 1次,,金融
NTTデータSBC,本選考,2026-03-08,本選考,,IT・通信
大和総研,本選考,2026-03-08,本選考,,コンサル
ソニーグローバルM&O,本選考,2026-03-08,本選考,,マスコミ・広告・エンタメ
東京電力HD,本選考,2026-03-08,本選考,,サービス・インフラ
NECネクサソリューションズ,本選考,2026-03-08,本選考,,IT・通信
白泉社,本選考,2026-03-09,本選考,,マスコミ・広告・エンタメ
日本経済新聞社,本選考,2026-03-09,本選考,記者,マスコミ・広告・エンタメ
日鉄エンジニアリング,本選考,2026-03-09,本選考 2次,,不動産・建設
ファンケル,本選考,2026-03-09,本選考,生産技術・生産管理職,メーカー
ファイザー,本選考,2026-03-09,本選考,MR,メーカー
日本ハム,本選考,2026-03-09,本選考,,メーカー
森永製菓,本選考,2026-03-09,本選考,生産・製造,メーカー
マルハニチロ,本選考,2026-03-09,本選考,,メーカー
ソニー,本選考,2026-03-09,本選考,,メーカー
東レ,本選考,2026-03-09,本選考,,メーカー
住友ベークライト,本選考,2026-03-09,本選考,,メーカー
乃村工藝社,本選考,2026-03-09,本選考,,不動産・建設
ファンケル美健,本選考,2026-03-09,本選考,生産,メーカー
三井住友銀行,本選考,2026-03-09,本選考,,金融
東京メトロ,本選考,2026-03-09,本選考 技術系 1次,,サービス・インフラ
京阪ホールディングス,本選考,2026-03-09,本選考,,サービス・インフラ
富士フイルム,本選考,2026-03-09,本選考,事務系,メーカー
新明和工業,本選考,2026-03-09,本選考,,メーカー
DOWAホールディングス,本選考,2026-03-09,本選考,,メーカー
パナソニック,本選考,2026-03-09,本選考,技術,メーカー
博報堂,本選考,2026-03-09,本選考,,マスコミ・広告・エンタメ
大樹生命,本選考,2026-03-09,本選考,,金融
日本政策金融公庫,本選考,2026-03-09,本選考,,金融
SMBC日興証券,本選考,2026-03-09,本選考,,金融
日本総合研究所,本選考,2026-03-09,本選考,,コンサル
近畿日本鉄道,本選考,2026-03-09,本選考 技術,,サービス・インフラ
日立ハイテク,本選考,2026-03-09,本選考 1次,,メーカー
きらぼし銀行,本選考,2026-03-09,本選考,,金融
興和,本選考,2026-03-09,本選考 第1ターム,,メーカー
コニカミノルタジャパン,本選考,2026-03-09,本選考 1次,,メーカー
アビームシステムズ,本選考,2026-03-09,本選考,,IT・通信
杏林製薬,本選考,2026-03-09,本選考,,メーカー
NTTデータウェーブ,本選考,2026-03-09,本選考,,IT・通信
三井住友銀行,本選考,2026-03-09,本選考,,金融
IHI,本選考,2026-03-09,本選考 事務系 1回目,,メーカー
旭化成,本選考,2026-03-09,本選考 MR 2次,,メーカー
長瀬産業,本選考,2026-03-09,本選考,オープン採用,商社
大塚製薬,本選考,2026-03-09,本選考,MRなど,メーカー
ロッテ,本選考,2026-03-09,本選考,営業・ICT・経理・法務,メーカー
読売新聞社,本選考,2026-03-10,本選考,技術総合,マスコミ・広告・エンタメ
花王,本選考,2026-03-10,本選考,グローバルビジネス,メーカー
三井住友海上あいおい損害保険採用共同事業体,本選考,2026-03-10,本選考,アクチュアリー,金融
ハウス食品,本選考,2026-03-10,本選考,営業,メーカー
豊島,本選考,2026-03-10,本選考,総合職,商社
ADK,本選考,2026-03-10,本選考,グローバルIPビジネスコース,マスコミ・広告・エンタメ
日立ビルシステム,本選考,2026-03-10,本選考,,メーカー
NECキャピタルソリューション,本選考,2026-03-10,本選考 オープン 2次,,金融
ニチレイグループ,本選考,2026-03-10,本選考,エンジニア,メーカー
JR東日本,本選考,2026-03-10,本選考,,サービス・インフラ
出光興産,本選考,2026-03-10,本選考,事務系,サービス・インフラ
NTTドコモ,本選考,2026-03-10,本選考 1回目,,IT・通信
マイナビ,本選考,2026-03-10,本選考,,IT・通信
JA三井リース,本選考,2026-03-10,本選考,,金融
商船三井,本選考,2026-03-11,本選考,陸上職 技術系,サービス・インフラ
イオンモール,本選考,2026-03-11,本選考 2回目,,不動産・建設
ジョンソン・エンド・ジョンソン,本選考,2026-03-11,本選考,,メーカー
富士フイルムイメージングプロテック,本選考,2026-03-11,本選考,,メーカー
アサヒビール,本選考,2026-03-11,本選考,,メーカー
アサヒグループ食品,本選考,2026-03-11,本選考,,メーカー
アサヒ飲料,本選考,2026-03-11,本選考,,メーカー
三井物産プラスチック,本選考,2026-03-11,本選考,,商社
稲畑産業,本選考,2026-03-11,本選考,総合職,商社
任天堂,本選考,2026-03-12,本選考,制作企画系,マスコミ・広告・エンタメ
オムロン,本選考,2026-03-12,本選考,技術・営業,メーカー
花王,本選考,2026-03-12,本選考,研究職・生産技術職,メーカー
田村駒,本選考,2026-03-12,本選考,総合職,商社
豊田通商商事システムズ,本選考,2026-03-12,本選考,,商社
NTTドコモビリューションズ,本選考,2026-03-12,本選考 1期,,IT・通信
横浜銀行,本選考,2026-03-12,本選考 総合,,金融
花王,本選考,2026-03-12,本選考,化学工学系・化学系・生物系・その他分野 2次,メーカー
ミツカン,本選考,2026-03-12,本選考,財務・IT,メーカー
アストラゼネカ,本選考,2026-03-12,本選考,MR,メーカー
ニコン,本選考,2026-03-12,本選考,事務系,メーカー
竹中工務店,本選考,2026-03-12,本選考,,不動産・建設
日清食品,本選考,2026-03-12,本選考,セールス・マーケ,メーカー
コニカミノルタビジネス,本選考,2026-03-12,本選考,,メーカー
鹿島建設,本選考,2026-03-12,本選考,,不動産・建設
丸大食品,本選考,2026-03-12,本選考 1回目,,メーカー
三菱UFJ銀行,本選考,2026-03-12,本選考 1次,,金融
JAL,本選考,2026-03-12,本選考,業務企画職(エアラインエンジニアコース),サービス・インフラ
東京海上日動,本選考,2026-03-13,本選考,SPECコース,金融
三菱商事RtMジャパン,本選考,2026-03-13,本選考,事務職,商社
NTT都市開発,本選考,2026-03-13,本選考,,不動産・建設
AIG損保,本選考,2026-03-13,本選考,,金融
NTTドコモビジネスソリューションズ,本選考,2026-03-13,本選考 3次,,IT・通信
蝶理,本選考,2026-03-13,本選考,,商社
コマツ,本選考,2026-03-13,本選考,,メーカー
ニチレイグループ,本選考,2026-03-13,本選考,営業,メーカー
トヨタ自動産,本選考,2026-03-13,本選考,,メーカー
三菱HCキャピタル,本選考,2026-03-13,本選考,総合,金融
ポケモン,本選考,2026-03-13,本選考,総合,マスコミ・広告・エンタメ
三井情報,本選考,2026-03-13,本選考,,IT・通信
NECキャピタルソリューションズ,本選考,2026-03-14,本選考,,金融
日本アイ・ビー・エム,本選考,2026-03-14,本選考,システムズ・エンジニアリング,IT・通信
地主,本選考,2026-03-15,本選考,,不動産・建設
DMG森精機,本選考,2026-03-15,本選考,,メーカー
東洋紡,本選考,2026-03-15,本選考 事務系 3次,,メーカー
クボタ,本選考,2026-03-15,本選考,事務系・技術系,メーカー
武蔵野銀行,本選考,2026-03-15,本選考 4回目,,金融
キッコーマン,本選考,2026-03-15,本選考,事務系,メーカー
秋田銀行,本選考,2026-03-15,本選考 1次,,金融
JERA,本選考,2026-03-15,本選考 2回目,,サービス・インフラ
楽天野村HD,本選考,2026-03-15,本選考,,金融
日野自動車,本選考,2026-03-15,本選考 2次,,メーカー
日揮,本選考,2026-03-15,本選考,文理,不動産・建設
インヴィダ,本選考,2026-03-15,本選考,,IT・通信
JX金属,本選考,2026-03-15,本選考,事務系・情報系,メーカー
芙蓉総合リース,本選考,2026-03-15,本選考 2次,,金融
大成建設,本選考,2026-03-15,本選考 2回目,,不動産・建設
クラレ,本選考,2026-03-15,本選考,経理・人事,メーカー
東急ライフィア,本選考,2026-03-15,本選考 2回目,,不動産・建設
J-オイルミルズ,本選考,2026-03-15,本選考,,メーカー
長谷川香料,本選考,2026-03-15,本選考,営業職,メーカー
SMBCコンシューマーファイナンス,本選考,2026-03-15,本選考 第2クール,,金融
曙酒ケミプラス,本選考,2026-03-15,本選考,,メーカー
京都銀行,本選考,2026-03-15,本選考,,金融
三井E&S,本選考,2026-03-15,本選考,,メーカー
GSIクレオス,本選考,2026-03-15,本選考,,商社
ソニーPCL,本選考,2026-03-15,本選考,,マスコミ・広告・エンタメ
東京応化工業,本選考,2026-03-15,本選考,,メーカー
リンナイ,本選考,2026-03-15,本選考,営業,サービス・インフラ
エーザイ,本選考,2026-03-15,本選考,,メーカー
NTT東日本,本選考,2026-03-15,本選考,,IT・通信
久光製薬,本選考,2026-03-15,本選考,,メーカー
三菱UFJリサーチ＆コンサルティング,本選考,2026-03-15,本選考,,コンサル
京阪電鉄不動産,本選考,2026-03-15,本選考,,不動産・建設
三菱UFJ信託銀行,本選考,2026-03-15,本選考,,金融
日本食研,本選考,2026-03-15,本選考,,メーカー
NTTデータMHIシステムズ,本選考,2026-03-15,本選考,,IT・通信
東北電力,本選考,2026-03-15,本選考,,サービス・インフラ
三菱UFJモルガン・スタンレー証券,本選考,2026-03-15,本選考,IB 1次,金融
コスミックヘルスケア・インスティテュート,本選考,2026-03-15,本選考,,メーカー
ジミックファーマサイエンス,本選考,2026-03-15,本選考,,メーカー
ジミックCMO,本選考,2026-03-15,本選考,,メーカー
セブン銀行,本選考,2026-03-15,本選考,,金融
東京海上日動あんしん生命,本選考,2026-03-15,本選考,アクチュアリー,金融
NECネットワーク・センサ,本選考,2026-03-15,本選考 第1ターム,,IT・通信
JAL,本選考,2026-03-15,本選考,業務企画職,サービス・インフラ
第一三共,本選考,2026-03-15,本選考,MR,メーカー
大阪ガス都市開発,本選考,2026-03-15,本選考 1次,,不動産・建設
NTN,本選考,2026-03-15,本選考,技術,メーカー
農林中央金庫,本選考,2026-03-15,本選考 2次,,金融
TOYO TIRE,本選考,2026-03-15,本選考,,メーカー
千代田化工建設,本選考,2026-03-15,本選考,,不動産・建設
トヨタファイナンシャルサービスグループ,本選考,2026-03-15,本選考,,金融
エスビー食品,本選考,2026-03-15,本選考,営業・研究開発など,メーカー
サンケイビル,本選考,2026-03-15,本選考,,不動産・建設
ビューカード,本選考,2026-03-15,本選考,,金融
アシックスグループ,本選考,2026-03-15,本選考,,メーカー
楽天銀行,本選考,2026-03-15,本選考,,金融
NTTデータフィナンシャルテクノロジー,本選考,2026-03-15,本選考,,IT・通信
住友ファーマ,本選考,2026-03-16,本選考,MR,メーカー
東映アニメーション,本選考,2026-03-16,本選考,,マスコミ・広告・エンタメ
ヒューリック,本選考,2026-03-16,本選考 2次,,不動産・建設
帝人,本選考,2026-03-16,本選考 事務系 2回目,,メーカー
小野薬品工業,本選考,2026-03-16,本選考,MR,メーカー
東京メトロ,本選考,2026-03-16,本選考 事務系 1次,,サービス・インフラ
住友ファーマ,本選考,2026-03-16,本選考,MR,メーカー
ライオン,本選考,2026-03-16,本選考,営業,メーカー
協和キリン,本選考,2026-03-16,本選考,生産技術職・MR職,メーカー
大広,本選考,2026-03-16,本選考,,マスコミ・広告・エンタメ
キヤノンマーケティングジャパン,本選考,2026-03-16,本選考,,メーカー
伊藤忠都市開発,本選考,2026-03-16,本選考,,不動産・建設
岡谷鋼機,本選考,2026-03-16,本選考,,商社
パナソニック,本選考,2026-03-16,本選考,クリエイティブ,メーカー
トヨタ自動車,本選考,2026-03-16,本選考,事務系,メーカー
伊藤忠商事,本選考,2026-03-16,本選考,総合職,商社
NEXCO西日本,本選考,2026-03-16,本選考,,サービス・インフラ
東武鉄道,本選考,2026-03-16,本選考,,サービス・インフラ
メタルワン,本選考,2026-03-16,本選考,G職,商社
ニチレイグループ,本選考,2026-03-16,本選考,生産管理職,メーカー
ANA,本選考,2026-03-16,本選考,グローバルスタッフ職,サービス・インフラ
三井住友カード,本選考,2026-03-16,本選考,,金融
コニカミノルタジャパン,本選考,2026-03-16,本選考 2次,,メーカー
SUMCO,本選考,2026-03-16,本選考,,メーカー
アース製薬,本選考,2026-03-16,本選考,,メーカー
マイナビ,本選考,2026-03-16,本選考,コーポレート,IT・通信
楽天カード,本選考,2026-03-16,本選考,,金融
ポケモン,本選考,2026-03-16,本選考,デザイナー,マスコミ・広告・エンタメ
東武鉄道,本選考,2026-03-16,本選考,,サービス・インフラ
日本政策投資銀行,本選考,2026-03-17,本選考 総合3次,,金融
業務職,本選考,2026-03-17,北海道・新潟・中国・四国・南九州,,人材・教育・その他
キリン,本選考,2026-03-17,本選考,事務系職種,メーカー
味の素,本選考,2026-03-17,本選考,クリエイティブ,メーカー
ファイザー,本選考,2026-03-17,本選考,生産技術職,メーカー
オリエンタルランド,本選考,2026-03-17,本選考,,流通・小売
豊田通商,本選考,2026-03-17,本選考 1次,,商社
NECソリューションイノベータ,本選考,2026-03-17,本選考,,IT・通信
ユニー・コンシューマーセールス,本選考,2026-03-17,本選考,,流通・小売
三井住友海上あいおい損害保険採用共同事業体,本選考,2026-03-18,本選考 1次,,金融
キッコーマン,本選考,2026-03-18,本選考,研究,メーカー
光文社,本選考,2026-03-18,本選考,,マスコミ・広告・エンタメ
富士フイルムイメージングシステムズ,本選考,2026-03-18,本選考,,メーカー
近鉄不動産,本選考,2026-03-18,本選考,,不動産・建設
京王電鉄,本選考,2026-03-18,本選考,総合職,サービス・インフラ
NEC,本選考,2026-03-18,本選考,事務系,IT・通信
三井住友信託銀行,本選考,2026-03-18,本選考,,金融
明治,本選考,2026-03-18,本選考,技術,メーカー
auじぶん銀行,本選考,2026-03-18,本選考,,金融
AGC,本選考,2026-03-18,本選考 1回目,,メーカー
三菱UFJモルガン・スタンレー証券,本選考,2026-03-18,本選考,オープン 3次,金融
三菱UFJモルガン・スタンレー証券,本選考,2026-03-18,本選考,アソシエイト 1次,金融
住友生命,本選考,2026-03-18,本選考,オープン・リテール・マネジメント 1次,金融
かんぽ生命,本選考,2026-03-18,本選考,エリア基幹職,金融
JALカード,本選考,2026-03-18,本選考,,金融
日鉄物産,本選考,2026-03-18,本選考,,商社
三井スタート,本選考,2026-03-18,本選考,,商社
三井不動産商業マネジメント,本選考,2026-03-18,本選考,,不動産・建設
JAL,本選考,2026-03-18,本選考,客室乗務員,サービス・インフラ
任天堂,本選考,2026-03-19,本選考,アートワーク制作・ソフトウェア制作,マスコミ・広告・エンタメ
川崎汽船,本選考,2026-03-19,本選考,海上職(自然減コース),サービス・インフラ
IHI,本選考,2026-03-19,本選考 技術 2次,,メーカー
日清製粉,本選考,2026-03-19,本選考,食品化学,メーカー
全日空商事,本選考,2026-03-19,本選考,総合職,商社
京王電鉄,本選考,2026-03-19,本選考,,サービス・インフラ
三菱UFJモルガン・スタンレー証券,本選考,2026-03-19,本選考,システム 2次,金融
電通,本選考,2026-03-19,本選考,,マスコミ・広告・エンタメ
NECキャピタルソリューション,本選考,2026-03-20,本選考 2期,,金融
日本製紙,本選考,2026-03-20,本選考 1期,,メーカー
ミスミ,本選考,2026-03-20,本選考,,メーカー
日工具,本選考,2026-03-20,本選考,,商社
日産,本選考,2026-03-20,本選考,技術,メーカー
NECキャピタルソリューション,本選考,2026-03-21,本選考 2期,,金融
日本アイ・ビー・エムシステムズ・エンジニアリング,本選考,2026-03-21,本選考,,IT・通信
積水化学工業,本選考,2026-03-22,本選考 事務系2次,,メーカー
KDDIエンジニアリング,本選考,2026-03-22,本選考 3次,,IT・通信
伊藤忠丸紅鉄鋼,本選考,2026-03-22,本選考,総合職,商社
損保ジャパン,本選考,2026-03-22,本選考 2期,,金融
クラレ,本選考,2026-03-22,本選考,岡山人事,メーカー
東急ライフィア,本選考,2026-03-22,本選考 3回目,,不動産・建設
あおぞら銀行,本選考,2026-03-22,本選考,総合職,金融
マルホ,本選考,2026-03-22,本選考,,メーカー
住友三井オートサービス,本選考,2026-03-22,本選考,,金融
TDK,本選考,2026-03-22,本選考,技術系,メーカー
いすゞ自動車,本選考,2026-03-22,本選考,,メーカー
日本食研,本選考,2026-03-22,本選考,,メーカー
日清オイリオグループ,本選考,2026-03-22,本選考 2回目,,メーカー
ふくおかフィナンシャルグループ,本選考,2026-03-22,本選考,,金融
亀田製菓,本選考,2026-03-22,本選考,,メーカー
第一生命保険,本選考,2026-03-22,本選考,オープンコース,金融
NTT西日本,本選考,2026-03-22,本選考 2回目,,IT・通信
東京海上日動あんしん生命,本選考,2026-03-22,本選考,営業コース・業務プロセスデザインコース・コーポレートコース,金融
東急住宅リース,本選考,2026-03-22,本選考,,不動産・建設
NTTファイナンス,本選考,2026-03-22,本選考,,金融
イトーキ,本選考,2026-03-22,本選考,,不動産・建設
出光興産,本選考,2026-03-22,本選考,技術系,サービス・インフラ
三菱ケミカル,本選考,2026-03-22,本選考,,メーカー
三谷商事,本選考,2026-03-22,本選考,,商社
クレディセゾン,本選考,2026-03-22,本選考,,金融
ベスタクト・ソリューションズ,本選考,2026-03-22,本選考,,IT・通信
いすゞ自動車,本選考,2026-03-22,本選考,,メーカー
住友三井オートサービス,本選考,2026-03-22,本選考,,金融
SOMPOひまわり生命保険,本選考,2026-03-22,本選考,,金融
アシックスグループ,本選考,2026-03-22,本選考,デザイン,メーカー
京セラ,本選考,2026-03-22,本選考,営業管理,メーカー
ソニーグローバルM&O,本選考,2026-03-22,本選考,,マスコミ・広告・エンタメ
サンリオ,本選考,2026-03-22,本選考,,流通・小売
ソニーグローバルソリューションズ,本選考,2026-03-22,本選考,,IT・通信
任天堂,本選考,2026-03-23,本選考,サウンド系,マスコミ・広告・エンタメ
カゴメ,本選考,2026-03-23,本選考,研究技術系総合職 工場,メーカー
東京海上日動,本選考,2026-03-23,本選考,オープン・EDGE・損害サービス・オペレーションマネジメントコース,金融
森永製菓,本選考,2026-03-23,本選考,経理・IT,メーカー
中央労働金庫,本選考,2026-03-23,本選考,,金融
三井物産,本選考,2026-03-23,本選考,,商社
リコー,本選考,2026-03-23,本選考,,メーカー
伊予銀行,本選考,2026-03-23,本選考,東京地区,金融
ドコモ・ファイナンス,本選考,2026-03-23,本選考,総合職,金融
日清製粉,本選考,2026-03-23,本選考,事務系,メーカー
雪印メグミルク,本選考,2026-03-23,本選考,,メーカー
NEXCO東日本,本選考,2026-03-23,本選考,,サービス・インフラ
アマダ,本選考,2026-03-23,本選考,,メーカー
オリエンタルランド,本選考,2026-03-23,本選考,技術,流通・小売
伊藤忠ケミカルフロンティア,本選考,2026-03-23,本選考,一般職 1次,商社
住友林業,本選考,2026-03-23,本選考,住宅営業職:賃貸営業,不動産・建設
小田急電鉄,本選考,2026-03-23,本選考,総合職 事務系,サービス・インフラ
ニチレイグループ,本選考,2026-03-23,本選考,研究開発,メーカー
興和,本選考,2026-03-23,本選考 第2ターム,,メーカー
農林中央金庫,本選考,2026-03-23,本選考 3次,,金融
相模鉄道,本選考,2026-03-23,本選考,総合職,サービス・インフラ
アフラック,本選考,2026-03-23,本選考,,金融
シャープ,本選考,2026-03-23,本選考,技術,メーカー
住友重機械,本選考,2026-03-24,本選考 事務系第3ターム,,メーカー
東急,本選考,2026-03-24,本選考,,サービス・インフラ
東急不動産,本選考,2026-03-24,本選考 2次,,不動産・建設
旭化成,本選考,2026-03-24,本選考 MR 3次,,メーカー
豊島,本選考,2026-03-24,本選考,マーケティング,商社
森永乳業,本選考,2026-03-24,本選考,,メーカー
オリエンタルランド,本選考,2026-03-24,本選考,IT,流通・小売
豊田通商,本選考,2026-03-24,本選考 1次,,商社
NTTドコモ,本選考,2026-03-24,本選考 2回目,,IT・通信
ソフトバンク,本選考,2026-03-24,本選考,,IT・通信
味の素,本選考,2026-03-25,本選考,生産,メーカー
東急不動産,本選考,2026-03-25,本選考 2次,,不動産・建設
三菱自動車,本選考,2026-03-25,本選考,,メーカー
森永乳業,本選考,2026-03-25,本選考,事務系総合職 2次,メーカー
森林組合,本選考,2026-03-25,本選考,,人材・教育・その他
東亜合成,本選考,2026-03-25,本選考,,メーカー
日本郵便,本選考,2026-03-25,本選考,地域基幹職,サービス・インフラ
東京ガス,本選考,2026-03-25,本選考,,サービス・インフラ
MSD,本選考,2026-03-25,本選考,,メーカー
花王プロフェッショナル・サービス,本選考,2026-03-25,本選考,,メーカー
三井物産,本選考,2026-03-26,本選考,,商社
そごう・西武,本選考,2026-03-26,本選考 2次,,流通・小売
武蔵野銀行,本選考,2026-03-26,本選考 5回目,,金融
キッコーマン,本選考,2026-03-26,本選考,エンジニアリング,メーカー
宝生,本選考,2026-03-26,本選考,,人材・教育・その他
日産化学,本選考,2026-03-26,本選考,事務系,メーカー
JR東日本情報システム,本選考,2026-03-26,本選考,,IT・通信
帝人フロンティア,本選考,2026-03-26,本選考,,メーカー
JR九州,本選考,2026-03-26,本選考 2回目,,サービス・インフラ
森トラスト,本選考,2026-03-26,本選考 1回目,,不動産・建設
丸大食品,本選考,2026-03-26,本選考 2回目,,メーカー
JTBグループ,本選考,2026-03-26,本選考,,流通・小売
JFE商事,本選考,2026-03-26,本選考,,商社
東京建物,本選考,2026-03-26,本選考,住宅総合職,不動産・建設
森永製菓,本選考,2026-03-27,本選考,品質保証,メーカー
NTTコモビジネスソリューションズ,本選考,2026-03-27,本選考 4次,,IT・通信
オリエンタルランド,本選考,2026-03-27,本選考,テーマパークマネジメント職(スーパーバイザー),流通・小売
ADK,本選考,2026-03-27,本選考,,マスコミ・広告・エンタメ
シャープ,本選考,2026-03-27,本選考,,メーカー
大日本印刷,本選考,2026-03-29,本選考,事務系,メーカー
マニュライフ生命,本選考,2026-03-29,本選考,営業,金融
JERA,本選考,2026-03-29,本選考 3回目,,サービス・インフラ
味の素冷凍食品,本選考,2026-03-29,本選考,マーケ,メーカー
芙蓉総合リース,本選考,2026-03-29,本選考 3次,,金融
伊藤忠丸紅住商テクノスチール,本選考,2026-03-29,本選考,,商社
富士フイルムビジネスイノベーションジャパン,本選考,2026-03-29,本選考,営業,メーカー
横河電機,本選考,2026-03-29,本選考,,メーカー
王子ホールディングス,本選考,2026-03-29,本選考,,メーカー
マツダ,本選考,2026-03-29,本選考,事務系,メーカー
三菱重工,本選考,2026-03-29,本選考,事務系,メーカー
プリマハム,本選考,2026-03-29,本選考,,メーカー
NTN,本選考,2026-03-29,本選考,事務系,メーカー
オリコ,本選考,2026-03-29,本選考,,金融
ミネベアミツミ,本選考,2026-03-29,本選考,,メーカー
大王製紙,本選考,2026-03-29,本選考,,メーカー
東洋エンジニアリング,本選考,2026-03-29,本選考,,不動産・建設
三菱総合研究所,本選考,2026-03-29,本選考,,コンサル
NEC通信システム,本選考,2026-03-30,本選考3次,,IT・通信
キオクシア,本選考,2026-03-30,本選考,事務系,メーカー
コニカミノルタジャパン,本選考,2026-03-30,本選考 2次,,メーカー
ドコモ・ファイナンス,本選考,2026-03-30,本選考,一般職,金融
TDK,本選考,2026-03-30,本選考,事務系,メーカー
JFEスチール,本選考,2026-03-30,本選考 2次,,メーカー
伊藤忠ケミカルフロンティア,本選考,2026-03-30,本選考,一般職 2次,商社
伊藤忠ケミカルフロンティア,本選考,2026-03-30,本選考,総合職 1次,商社
住友林業,本選考,2026-03-30,本選考,建築技術職,不動産・建設
資生堂,本選考,2026-03-30,本選考,事業所限定職(国内工場),メーカー
ANA,本選考,2026-03-30,本選考,客室乗務員,サービス・インフラ
ANAエアポートサービス,本選考,2026-03-30,本選考,,サービス・インフラ
デンソー,本選考,2026-03-30,本選考,,メーカー
関西電力,本選考,2026-03-30,本選考,,サービス・インフラ
KDDI,本選考,2026-03-31,本選考,業務系2次,IT・通信
KDDI,本選考,2026-03-31,本選考,技術系2次,IT・通信
CARTA HOLDINGS,本選考,2026-03-31,本選考,,IT・通信
WOWOW,本選考,2026-03-31,本選考,,マスコミ・広告・エンタメ
田村駒,本選考,2026-03-31,本選考,一般職,商社
GMOインターネット,本選考,2026-03-31,本選考,クリエイティブ職・ビジネス(営業),IT・通信
日鉄エンジニアリング,本選考,2026-03-31,本選考 3次,,不動産・建設
三井化学,本選考,2026-03-31,本選考,事務系総合職 3次,メーカー
ファンケル,本選考,2026-03-31,本選考,エリア限定販売職,メーカー
レベルファイブ,本選考,2026-03-31,本選考,,マスコミ・広告・エンタメ
バンダイナムコフィルムワークス,本選考,2026-03-31,本選考,事務系,マスコミ・広告・エンタメ
ヤクルト本社,本選考,2026-03-31,本選考,総合職 2回目,メーカー
三井ハイテック,本選考,2026-03-31,本選考 2次,,メーカー
ヒューリック,本選考,2026-03-31,本選考 3次,,不動産・建設
バンダイナムコフィルムワークス,本選考,2026-03-31,本選考,事業系職種,マスコミ・広告・エンタメ
三菱UFJリサーチ＆コンサルティング,本選考,2026-03-31,本選考 2次,,コンサル
富士フイルムイメージングプロテック,本選考,2026-03-31,本選考,,メーカー
SMBCコンシューマーファイナンス,本選考,2026-03-31,本選考 第3クール,,金融
エステー,本選考,2026-03-31,本選考,デザイン,メーカー
大林組,本選考,2026-03-31,本選考,事務職,不動産・建設
アダストリア,本選考,2026-03-31,本選考,,流通・小売
NECキャピタルソリューション,本選考,2026-03-31,本選考 3期,,金融
西武ホールディングス,本選考,2026-03-31,本選考,,サービス・インフラ
三菱UFJモルガン・スタンレー証券,本選考,2026-03-31,本選考,システム職,金融
小田急不動産,本選考,2026-03-31,本選考,,不動産・建設
中外製薬,本選考,2026-03-31,本選考,,メーカー
住友生命,本選考,2026-03-31,本選考,,金融
東京ドーム,本選考,2026-03-31,本選考,,流通・小売
ANA,本選考,2026-03-31,本選考,エキスパートスタッフ職,サービス・インフラ
ANA福岡空港,本選考,2026-03-31,本選考,,サービス・インフラ
オリックス生命,本選考,2026-03-31,本選考,,金融
ファンケルグループ,本選考,2026-03-31,本選考,エリア限定販売職,メーカー
CASIO,本選考,2026-03-31,本選考,,メーカー
GMOインターネットグループ,本選考,2026-03-31,本選考,,IT・通信
エステー,本選考,2026-03-31,本選考,エステー(本選考 営業・研究開発コース),メーカー
明治安田,本選考,2026-03-31,本選考,総合職,金融
川崎重工業,本選考,2026-03-31,本選考,事務系,メーカー
岩谷産業,本選考,2026-03-31,本選考,,商社
SCSK,本選考,2026-03-31,本選考,,IT・通信
安川ロジステック,本選考,2026-03-31,本選考,,メーカー
湖池屋,本選考,2026-03-31,本選考,,メーカー
