company_name,type,deadline,label,job_type,industry
NTT都市開発,本選考,2026-03-13,本選考,,不動産
トヨタ不動産,本選考,2026-03-13,本選考,,不動産
サンケイビル,本選考,2026-03-15,本選考,,不動産
大阪ガス都市開発,本選考,2026-03-15,本選考 1次,,不動産
ヒューリック,本選考,2026-03-16,本選考 2次,,不動産
伊藤忠都市開発,本選考,2026-03-16,本選考,,不動産
近鉄不動産,本選考,2026-03-18,本選考,,不動産
東急不動産,本選考,2026-03-24,本選考 2次,,不動産
森トラスト,本選考,2026-03-26,本選考1回目,,不動産
ヒューリック,本選考,2026-03-31,本選考 3次,,不動産
小田急不動産,本選考,2026-03-31,本選考,,不動産
UR都市機構,本選考,2026-04-01,本選考,,不動産
京王不動産,本選考,2026-04-03,本選考,,不動産
大阪ガス都市開発,本選考,2026-04-05,本選考 最終,,不動産
安田不動産,本選考,2026-04-07,本選考,,不動産
三井物産都市開発,本選考,2026-04-08,本選考,,不動産
三菱地所,本選考,2026-04-09,本選考 2期,,不動産
野村不動産,本選考,2026-04-13,本選考 3回目,,不動産
森トラスト,本選考,2026-04-16,本選考2回目,,不動産
阪急阪神不動産,本選考,2026-04-21,本選考,,不動産
東京建物,本選考,2026-04-26,本選考 2次,総合職,不動産
長瀬産業,本選考,2026-03-10,本選考,オープン採用,専門商社
豊島,本選考,2026-03-10,本選考,総合職,専門商社
三井物産プラスチック,本選考,2026-03-11,本選考,,総合商社
稲畑産業,本選考,2026-03-11,本選考,総合職,専門商社
三菱商事RtMジャパン,本選考,2026-03-13,本選考,事務職,総合商社
メタルワン,本選考,2026-03-16,本選考,G職,専門商社
伊藤忠商事,本選考,2026-03-16,本選考,総合職,総合商社
豊田通商,本選考,2026-03-17,本選考 1次,,総合商社
日鉄物産,本選考,2026-03-18,本選考,,専門商社
全日空商事,本選考,2026-03-19,本選考,総合職,専門商社
巴工業,本選考,2026-03-20,本選考,,専門商社
三谷商事,本選考,2026-03-22,本選考,,専門商社
三井物産,本選考,2026-03-26,本選考,,総合商社
JFE商事,本選考,2026-03-26,本選考,,専門商社
伊藤忠丸紅住商テクノスチール,本選考,2026-03-29,本選考,,専門商社
伊藤忠ケミカルフロンティア,本選考,2026-03-30,本選考,,専門商社
岩谷産業,本選考,2026-03-31,本選考,,専門商社
豊田通商,本選考,2026-04-02,本選考 2次,,総合商社
三菱商事テクノス,本選考,2026-04-06,本選考,,総合商社
伊藤忠ケミカルフロンティア,本選考,2026-04-06,本選考 2次,総合職,専門商社
佐藤商事,本選考,2026-04-08,本選考,,専門商社
伊藤忠商事,本選考,2026-04-09,本選考,BX職,総合商社
住友商事マシネックス,本選考,2026-04-12,本選考,エリア総合職,専門商社
三菱商事,本選考,2026-04-13,本選考 6月選考,,総合商社
双日,本選考,2026-04-20,本選考,事務職,総合商社
阪和興業,本選考,2026-04-21,本選考,,専門商社
伊藤忠メタルズ,本選考,2026-04-27,本選考,,専門商社
東邦ガス,本選考,2026-03-08,本選考,,エネルギー・電力
積水化学工業,本選考,2026-03-08,本選考 技術2次,,化学・素材
住友商事マシネックス,本選考,2026-03-08,本選考,,専門商社
ブルボン,本選考,2026-03-08,本選考 第2ターム,,食品・飲料
住友ファーマ,本選考,2026-03-08,本選考,経理・法務,製薬・医療
伊藤忠サイバー＆インテリジェンス,本選考,2026-03-08,本選考,,IT・通信
伊藤ハム米久HD,本選考,2026-03-08,本選考,営業職・システム職・販売職,食品・飲料
カネカ,本選考,2026-03-08,本選考,事務系,化学・素材
北陸銀行,本選考,2026-03-08,本選考,,銀行
兼松,本選考,2026-03-08,本選考,プロフェッショナル,総合商社
キッコーマン,本選考,2026-03-08,本選考,エンジニアリング,食品・飲料
TBSアクト,本選考,2026-03-08,本選考 2次,,広告・メディア
JX金属,本選考,2026-03-08,本選考,事務系・情報系,鉄鋼・金属
白河電気工業,本選考,2026-03-08,本選考,,電機・精密
ソニー・ホンダモビリティ,本選考,2026-03-08,本選考,,自動車・輸送機器
住友金属鉱山,本選考,2026-03-08,本選考,事務系総合職,鉄鋼・金属
関西ペイント,本選考,2026-03-08,本選考,,化学・素材
塩野義製薬,本選考,2026-03-08,本選考,,製薬・医療
東急ライフィア,本選考,2026-03-08,本選考 1回目,,不動産
長谷川香料,本選考,2026-03-08,本選考,研究職,化学・素材
JSR,本選考,2026-03-08,本選考,,化学・素材
象印マホービン,本選考,2026-03-08,本選考,東京・大阪,食品・飲料
日本ペイントグループ,本選考,2026-03-08,本選考,,化学・素材
安川電機,本選考,2026-03-08,本選考,事務系,電機・精密
トラスコ中山,本選考,2026-03-08,本選考,,専門商社
スタンレー電気,本選考,2026-03-08,本選考,,電機・精密
トヨタ紡織,本選考,2026-03-08,本選考,,自動車・輸送機器
小糸製作所,本選考,2026-03-08,本選考,,電機・精密
積水ハウス,本選考,2026-03-08,本選考,,住宅・インテリア
富士通,本選考,2026-03-08,本選考 第1ターム,,IT・通信
三越伊勢丹システム・ソリューションズ,本選考,2026-03-08,本選考,,IT・通信
日清オイリオグループ,本選考,2026-03-08,本選考 1回目,,食品・飲料
信金中央金庫,本選考,2026-03-08,本選考,,銀行
ソニー生命保険,本選考,2026-03-08,本選考,,保険
SBIグループ,本選考,2026-03-08,本選考,,証券
商工中金,本選考,2026-03-08,本選考,,銀行
農中情報システム,本選考,2026-03-08,本選考,,IT・通信
農林中央金庫,本選考,2026-03-08,本選考 1次,,銀行
NTTデータSBC,本選考,2026-03-08,本選考,,IT・通信
大和総研,本選考,2026-03-08,本選考,,コンサル・シンクタンク
ソニーグローバルM&O,本選考,2026-03-08,本選考,,広告・メディア
東京電力HD,本選考,2026-03-08,本選考,,エネルギー・電力
NECネクサソリューションズ,本選考,2026-03-08,本選考,,IT・通信
白泉社,本選考,2026-03-09,本選考,,広告・メディア
日本経済新聞社,本選考,2026-03-09,本選考,記者,広告・メディア
日鉄エンジニアリング,本選考,2026-03-09,本選考 2次,,建設・設備
ファンケル,本選考,2026-03-09,本選考,生産技術・生産管理職,日用品・消費財
ファイザー,本選考,2026-03-09,本選考,MR,製薬・医療
日本ハム,本選考,2026-03-09,本選考,,食品・飲料
森永製菓,本選考,2026-03-09,本選考,生産・製造,食品・飲料
マルハニチロ,本選考,2026-03-09,本選考,,食品・飲料
ソニー,本選考,2026-03-09,本選考,,電機・精密
東レ,本選考,2026-03-09,本選考,,化学・素材
住友ベークライト,本選考,2026-03-09,本選考,,化学・素材
乃村工藝社,本選考,2026-03-09,本選考,,建設・設備
ファンケル美健,本選考,2026-03-09,本選考,生産,日用品・消費財
三井住友銀行,本選考,2026-03-09,本選考,,銀行
東京メトロ,本選考,2026-03-09,本選考 技術系 1次,,鉄道・運輸
京阪ホールディングス,本選考,2026-03-09,本選考,,鉄道・運輸
富士フイルム,本選考,2026-03-09,本選考,事務系,電機・精密
新明和工業,本選考,2026-03-09,本選考,,機械・重工
DOWAホールディングス,本選考,2026-03-09,本選考,,化学・素材
パナソニック,本選考,2026-03-09,本選考,技術,電機・精密
博報堂,本選考,2026-03-09,本選考,,広告・メディア
大樹生命,本選考,2026-03-09,本選考,,保険
日本政策金融公庫,本選考,2026-03-09,本選考,,その他金融
SMBC日興証券,本選考,2026-03-09,本選考,,証券
日本総合研究所,本選考,2026-03-09,本選考,,コンサル・シンクタンク
近畿日本鉄道,本選考,2026-03-09,本選考 技術,,鉄道・運輸
日立ハイテク,本選考,2026-03-09,本選考 1次,,電機・精密
きらぼし銀行,本選考,2026-03-09,本選考,,銀行
興和,本選考,2026-03-09,本選考 第1ターム,,製薬・医療
コニカミノルタジャパン,本選考,2026-03-09,本選考 1次,,電機・精密
アビームシステムズ,本選考,2026-03-09,本選考,,IT・通信
杏林製薬,本選考,2026-03-09,本選考,,製薬・医療
NTTデータウェーブ,本選考,2026-03-09,本選考,,IT・通信
三井住友銀行,本選考,2026-03-09,本選考,,銀行
IHI,本選考,2026-03-09,本選考 事務系 1回目,,機械・重工
旭化成,本選考,2026-03-09,本選考 MR 2次,,化学・素材
長瀬産業,本選考,2026-03-09,本選考,オープン採用,専門商社
大塚製薬,本選考,2026-03-09,本選考,MRなど,製薬・医療
ロッテ,本選考,2026-03-09,本選考,営業・ICT・経理・法務,食品・飲料
読売新聞社,本選考,2026-03-10,本選考,技術総合,広告・メディア
花王,本選考,2026-03-10,本選考,グローバルビジネス,日用品・消費財
三井住友海上あいおい損害保険採用共同事業体,本選考,2026-03-10,本選考,アクチュアリー,保険
ハウス食品,本選考,2026-03-10,本選考,営業,食品・飲料
豊島,本選考,2026-03-10,本選考,総合職,専門商社
ADK,本選考,2026-03-10,本選考,グローバルIPビジネスコース,広告・メディア
日立ビルシステム,本選考,2026-03-10,本選考,,電機・精密
NECキャピタルソリューション,本選考,2026-03-10,本選考 オープン 2次,,その他金融
ニチレイグループ,本選考,2026-03-10,本選考,エンジニア,食品・飲料
JR東日本,本選考,2026-03-10,本選考,,鉄道・運輸
出光興産,本選考,2026-03-10,本選考,事務系,エネルギー・電力
NTTドコモ,本選考,2026-03-10,本選考 1回目,,IT・通信
マイナビ,本選考,2026-03-10,本選考,,IT・通信
JA三井リース,本選考,2026-03-10,本選考,,その他金融
商船三井,本選考,2026-03-11,本選考,陸上職 技術系,鉄道・運輸
イオンモール,本選考,2026-03-11,本選考 2回目,,不動産
ジョンソン・エンド・ジョンソン,本選考,2026-03-11,本選考,,製薬・医療
富士フイルムイメージングプロテック,本選考,2026-03-11,本選考,,電機・精密
アサヒビール,本選考,2026-03-11,本選考,,食品・飲料
アサヒグループ食品,本選考,2026-03-11,本選考,,食品・飲料
アサヒ飲料,本選考,2026-03-11,本選考,,食品・飲料
三井物産プラスチック,本選考,2026-03-11,本選考,,総合商社
稲畑産業,本選考,2026-03-11,本選考,総合職,専門商社
任天堂,本選考,2026-03-12,本選考,制作企画系,エンタメ・ゲーム
オムロン,本選考,2026-03-12,本選考,技術・営業,電機・精密
花王,本選考,2026-03-12,本選考,研究職・生産技術職,日用品・消費財
田村駒,本選考,2026-03-12,本選考,総合職,専門商社
豊田通商商事システムズ,本選考,2026-03-12,本選考,,総合商社
NTTドコモビリューションズ,本選考,2026-03-12,本選考 1期,,IT・通信
横浜銀行,本選考,2026-03-12,本選考 総合,,銀行
花王,本選考,2026-03-12,本選考,化学工学系・化学系・生物系・その他分野 2次,日用品・消費財
ミツカン,本選考,2026-03-12,本選考,財務・IT,食品・飲料
アストラゼネカ,本選考,2026-03-12,本選考,MR,製薬・医療
ニコン,本選考,2026-03-12,本選考,事務系,電機・精密
竹中工務店,本選考,2026-03-12,本選考,,建設・設備
日清食品,本選考,2026-03-12,本選考,セールス・マーケ,食品・飲料
コニカミノルタビジネス,本選考,2026-03-12,本選考,,電機・精密
鹿島建設,本選考,2026-03-12,本選考,,建設・設備
丸大食品,本選考,2026-03-12,本選考 1回目,,食品・飲料
三菱UFJ銀行,本選考,2026-03-12,本選考 1次,,銀行
JAL,本選考,2026-03-12,本選考,業務企画職(エアラインエンジニアコース),鉄道・運輸
東京海上日動,本選考,2026-03-13,本選考,SPECコース,保険
三菱商事RtMジャパン,本選考,2026-03-13,本選考,事務職,総合商社
NTT都市開発,本選考,2026-03-13,本選考,,不動産
AIG損保,本選考,2026-03-13,本選考,,保険
NTTドコモビジネスソリューションズ,本選考,2026-03-13,本選考 3次,,IT・通信
蝶理,本選考,2026-03-13,本選考,,専門商社
コマツ,本選考,2026-03-13,本選考,,機械・重工
ニチレイグループ,本選考,2026-03-13,本選考,営業,食品・飲料
トヨタ自動産,本選考,2026-03-13,本選考,,自動車・輸送機器
三菱HCキャピタル,本選考,2026-03-13,本選考,総合,その他金融
ポケモン,本選考,2026-03-13,本選考,総合,エンタメ・ゲーム
三井情報,本選考,2026-03-13,本選考,,IT・通信
NECキャピタルソリューションズ,本選考,2026-03-14,本選考,,その他金融
日本アイ・ビー・エム,本選考,2026-03-14,本選考,システムズ・エンジニアリング,IT・通信
地主,本選考,2026-03-15,本選考,,不動産
DMG森精機,本選考,2026-03-15,本選考,,機械・重工
東洋紡,本選考,2026-03-15,本選考 事務系 3次,,化学・素材
クボタ,本選考,2026-03-15,本選考,事務系・技術系,機械・重工
武蔵野銀行,本選考,2026-03-15,本選考 4回目,,銀行
キッコーマン,本選考,2026-03-15,本選考,事務系,食品・飲料
秋田銀行,本選考,2026-03-15,本選考 1次,,銀行
JERA,本選考,2026-03-15,本選考 2回目,,エネルギー・電力
楽天野村HD,本選考,2026-03-15,本選考,,証券
日野自動車,本選考,2026-03-15,本選考 2次,,自動車・輸送機器
日揮,本選考,2026-03-15,本選考,文理,建設・設備
インヴィダ,本選考,2026-03-15,本選考,,IT・通信
JX金属,本選考,2026-03-15,本選考,事務系・情報系,鉄鋼・金属
芙蓉総合リース,本選考,2026-03-15,本選考 2次,,その他金融
大成建設,本選考,2026-03-15,本選考 2回目,,建設・設備
クラレ,本選考,2026-03-15,本選考,経理・人事,化学・素材
東急ライフィア,本選考,2026-03-15,本選考 2回目,,不動産
J-オイルミルズ,本選考,2026-03-15,本選考,,食品・飲料
長谷川香料,本選考,2026-03-15,本選考,営業職,化学・素材
SMBCコンシューマーファイナンス,本選考,2026-03-15,本選考 第2クール,,その他金融
曙酒ケミプラス,本選考,2026-03-15,本選考,,化学・素材
京都銀行,本選考,2026-03-15,本選考,,銀行
三井E&S,本選考,2026-03-15,本選考,,機械・重工
GSIクレオス,本選考,2026-03-15,本選考,,専門商社
ソニーPCL,本選考,2026-03-15,本選考,,広告・メディア
東京応化工業,本選考,2026-03-15,本選考,,化学・素材
リンナイ,本選考,2026-03-15,本選考,営業,エネルギー・電力
エーザイ,本選考,2026-03-15,本選考,,製薬・医療
NTT東日本,本選考,2026-03-15,本選考,,IT・通信
久光製薬,本選考,2026-03-15,本選考,,製薬・医療
三菱UFJリサーチ＆コンサルティング,本選考,2026-03-15,本選考,,コンサル・シンクタンク
京阪電鉄不動産,本選考,2026-03-15,本選考,,不動産
三菱UFJ信託銀行,本選考,2026-03-15,本選考,,銀行
日本食研,本選考,2026-03-15,本選考,,食品・飲料
NTTデータMHIシステムズ,本選考,2026-03-15,本選考,,IT・通信
東北電力,本選考,2026-03-15,本選考,,エネルギー・電力
三菱UFJモルガン・スタンレー証券,本選考,2026-03-15,本選考,IB 1次,証券
コスミックヘルスケア・インスティテュート,本選考,2026-03-15,本選考,,製薬・医療
ジミックファーマサイエンス,本選考,2026-03-15,本選考,,製薬・医療
ジミックCMO,本選考,2026-03-15,本選考,,製薬・医療
セブン銀行,本選考,2026-03-15,本選考,,銀行
東京海上日動あんしん生命,本選考,2026-03-15,本選考,アクチュアリー,保険
NECネットワーク・センサ,本選考,2026-03-15,本選考 第1ターム,,IT・通信
JAL,本選考,2026-03-15,本選考,業務企画職,鉄道・運輸
第一三共,本選考,2026-03-15,本選考,MR,製薬・医療
大阪ガス都市開発,本選考,2026-03-15,本選考 1次,,不動産
NTN,本選考,2026-03-15,本選考,技術,鉄鋼・金属
農林中央金庫,本選考,2026-03-15,本選考 2次,,銀行
TOYO TIRE,本選考,2026-03-15,本選考,,自動車・輸送機器
千代田化工建設,本選考,2026-03-15,本選考,,建設・設備
トヨタファイナンシャルサービスグループ,本選考,2026-03-15,本選考,,その他金融
エスビー食品,本選考,2026-03-15,本選考,営業・研究開発など,食品・飲料
サンケイビル,本選考,2026-03-15,本選考,,不動産
ビューカード,本選考,2026-03-15,本選考,,その他金融
アシックスグループ,本選考,2026-03-15,本選考,,日用品・消費財
楽天銀行,本選考,2026-03-15,本選考,,銀行
NTTデータフィナンシャルテクノロジー,本選考,2026-03-15,本選考,,IT・通信
住友ファーマ,本選考,2026-03-16,本選考,MR,製薬・医療
東映アニメーション,本選考,2026-03-16,本選考,,エンタメ・ゲーム
ヒューリック,本選考,2026-03-16,本選考 2次,,不動産
帝人,本選考,2026-03-16,本選考 事務系 2回目,,化学・素材
小野薬品工業,本選考,2026-03-16,本選考,MR,製薬・医療
東京メトロ,本選考,2026-03-16,本選考 事務系 1次,,鉄道・運輸
住友ファーマ,本選考,2026-03-16,本選考,MR,製薬・医療
ライオン,本選考,2026-03-16,本選考,営業,日用品・消費財
協和キリン,本選考,2026-03-16,本選考,生産技術職・MR職,製薬・医療
大広,本選考,2026-03-16,本選考,,広告・メディア
キヤノンマーケティングジャパン,本選考,2026-03-16,本選考,,電機・精密
伊藤忠都市開発,本選考,2026-03-16,本選考,,不動産
岡谷鋼機,本選考,2026-03-16,本選考,,専門商社
パナソニック,本選考,2026-03-16,本選考,クリエイティブ,電機・精密
トヨタ自動車,本選考,2026-03-16,本選考,事務系,自動車・輸送機器
伊藤忠商事,本選考,2026-03-16,本選考,総合職,総合商社
NEXCO西日本,本選考,2026-03-16,本選考,,鉄道・運輸
東武鉄道,本選考,2026-03-16,本選考,,鉄道・運輸
メタルワン,本選考,2026-03-16,本選考,G職,専門商社
ニチレイグループ,本選考,2026-03-16,本選考,生産管理職,食品・飲料
ANA,本選考,2026-03-16,本選考,グローバルスタッフ職,鉄道・運輸
三井住友カード,本選考,2026-03-16,本選考,,その他金融
コニカミノルタジャパン,本選考,2026-03-16,本選考 2次,,電機・精密
SUMCO,本選考,2026-03-16,本選考,,化学・素材
アース製薬,本選考,2026-03-16,本選考,,日用品・消費財
マイナビ,本選考,2026-03-16,本選考,コーポレート,IT・通信
楽天カード,本選考,2026-03-16,本選考,,その他金融
ポケモン,本選考,2026-03-16,本選考,デザイナー,エンタメ・ゲーム
東武鉄道,本選考,2026-03-16,本選考,,鉄道・運輸
日本政策投資銀行,本選考,2026-03-17,本選考 総合3次,,銀行
業務職,本選考,2026-03-17,北海道・新潟・中国・四国・南九州,,その他
キリン,本選考,2026-03-17,本選考,事務系職種,食品・飲料
味の素,本選考,2026-03-17,本選考,クリエイティブ,食品・飲料
ファイザー,本選考,2026-03-17,本選考,生産技術職,製薬・医療
オリエンタルランド,本選考,2026-03-17,本選考,,レジャー・サービス
豊田通商,本選考,2026-03-17,本選考 1次,,総合商社
NECソリューションイノベータ,本選考,2026-03-17,本選考,,IT・通信
ユニー・コンシューマーセールス,本選考,2026-03-17,本選考,,小売・流通
三井住友海上あいおい損害保険採用共同事業体,本選考,2026-03-18,本選考 1次,,保険
キッコーマン,本選考,2026-03-18,本選考,研究,食品・飲料
光文社,本選考,2026-03-18,本選考,,広告・メディア
富士フイルムイメージングシステムズ,本選考,2026-03-18,本選考,,電機・精密
近鉄不動産,本選考,2026-03-18,本選考,,不動産
京王電鉄,本選考,2026-03-18,本選考,総合職,鉄道・運輸
NEC,本選考,2026-03-18,本選考,事務系,IT・通信
三井住友信託銀行,本選考,2026-03-18,本選考,,銀行
明治,本選考,2026-03-18,本選考,技術,食品・飲料
auじぶん銀行,本選考,2026-03-18,本選考,,銀行
AGC,本選考,2026-03-18,本選考 1回目,,化学・素材
三菱UFJモルガン・スタンレー証券,本選考,2026-03-18,本選考,オープン 3次,証券
三菱UFJモルガン・スタンレー証券,本選考,2026-03-18,本選考,アソシエイト 1次,証券
住友生命,本選考,2026-03-18,本選考,オープン・リテール・マネジメント 1次,保険
かんぽ生命,本選考,2026-03-18,本選考,エリア基幹職,保険
JALカード,本選考,2026-03-18,本選考,,その他金融
日鉄物産,本選考,2026-03-18,本選考,,専門商社
三井スタート,本選考,2026-03-18,本選考,,専門商社
三井不動産商業マネジメント,本選考,2026-03-18,本選考,,不動産
JAL,本選考,2026-03-18,本選考,客室乗務員,鉄道・運輸
任天堂,本選考,2026-03-19,本選考,アートワーク制作・ソフトウェア制作,エンタメ・ゲーム
川崎汽船,本選考,2026-03-19,本選考,海上職(自然減コース),鉄道・運輸
IHI,本選考,2026-03-19,本選考 技術 2次,,機械・重工
日清製粉,本選考,2026-03-19,本選考,食品化学,食品・飲料
全日空商事,本選考,2026-03-19,本選考,総合職,専門商社
京王電鉄,本選考,2026-03-19,本選考,,鉄道・運輸
三菱UFJモルガン・スタンレー証券,本選考,2026-03-19,本選考,システム 2次,証券
電通,本選考,2026-03-19,本選考,,広告・メディア
NECキャピタルソリューション,本選考,2026-03-20,本選考 2期,,その他金融
日本製紙,本選考,2026-03-20,本選考 1期,,印刷・製紙
ミスミ,本選考,2026-03-20,本選考,,機械・重工
日工具,本選考,2026-03-20,本選考,,専門商社
日産,本選考,2026-03-20,本選考,技術,自動車・輸送機器
NECキャピタルソリューション,本選考,2026-03-21,本選考 2期,,その他金融
日本アイ・ビー・エムシステムズ・エンジニアリング,本選考,2026-03-21,本選考,,IT・通信
積水化学工業,本選考,2026-03-22,本選考 事務系2次,,化学・素材
KDDIエンジニアリング,本選考,2026-03-22,本選考 3次,,IT・通信
伊藤忠丸紅鉄鋼,本選考,2026-03-22,本選考,総合職,専門商社
損保ジャパン,本選考,2026-03-22,本選考 2期,,保険
クラレ,本選考,2026-03-22,本選考,岡山人事,化学・素材
東急ライフィア,本選考,2026-03-22,本選考 3回目,,不動産
あおぞら銀行,本選考,2026-03-22,本選考,総合職,銀行
マルホ,本選考,2026-03-22,本選考,,製薬・医療
住友三井オートサービス,本選考,2026-03-22,本選考,,その他金融
TDK,本選考,2026-03-22,本選考,技術系,電機・精密
いすゞ自動車,本選考,2026-03-22,本選考,,自動車・輸送機器
日本食研,本選考,2026-03-22,本選考,,食品・飲料
日清オイリオグループ,本選考,2026-03-22,本選考 2回目,,食品・飲料
ふくおかフィナンシャルグループ,本選考,2026-03-22,本選考,,銀行
亀田製菓,本選考,2026-03-22,本選考,,食品・飲料
第一生命保険,本選考,2026-03-22,本選考,オープンコース,保険
NTT西日本,本選考,2026-03-22,本選考 2回目,,IT・通信
東京海上日動あんしん生命,本選考,2026-03-22,本選考,営業コース・業務プロセスデザインコース・コーポレートコース,保険
東急住宅リース,本選考,2026-03-22,本選考,,不動産
NTTファイナンス,本選考,2026-03-22,本選考,,その他金融
イトーキ,本選考,2026-03-22,本選考,,住宅・インテリア
出光興産,本選考,2026-03-22,本選考,技術系,エネルギー・電力
三菱ケミカル,本選考,2026-03-22,本選考,,化学・素材
三谷商事,本選考,2026-03-22,本選考,,専門商社
クレディセゾン,本選考,2026-03-22,本選考,,その他金融
ベスタクト・ソリューションズ,本選考,2026-03-22,本選考,,IT・通信
いすゞ自動車,本選考,2026-03-22,本選考,,自動車・輸送機器
住友三井オートサービス,本選考,2026-03-22,本選考,,その他金融
SOMPOひまわり生命保険,本選考,2026-03-22,本選考,,保険
アシックスグループ,本選考,2026-03-22,本選考,デザイン,日用品・消費財
京セラ,本選考,2026-03-22,本選考,営業管理,電機・精密
ソニーグローバルM&O,本選考,2026-03-22,本選考,,広告・メディア
サンリオ,本選考,2026-03-22,本選考,,小売・流通
ソニーグローバルソリューションズ,本選考,2026-03-22,本選考,,IT・通信
任天堂,本選考,2026-03-23,本選考,サウンド系,エンタメ・ゲーム
カゴメ,本選考,2026-03-23,本選考,研究技術系総合職 工場,食品・飲料
東京海上日動,本選考,2026-03-23,本選考,オープン・EDGE・損害サービス・オペレーションマネジメントコース,保険
森永製菓,本選考,2026-03-23,本選考,経理・IT,食品・飲料
中央労働金庫,本選考,2026-03-23,本選考,,銀行
三井物産,本選考,2026-03-23,本選考,,総合商社
リコー,本選考,2026-03-23,本選考,,電機・精密
伊予銀行,本選考,2026-03-23,本選考,東京地区,銀行
ドコモ・ファイナンス,本選考,2026-03-23,本選考,総合職,その他金融
日清製粉,本選考,2026-03-23,本選考,事務系,食品・飲料
雪印メグミルク,本選考,2026-03-23,本選考,,食品・飲料
NEXCO東日本,本選考,2026-03-23,本選考,,鉄道・運輸
アマダ,本選考,2026-03-23,本選考,,機械・重工
オリエンタルランド,本選考,2026-03-23,本選考,技術,レジャー・サービス
伊藤忠ケミカルフロンティア,本選考,2026-03-23,本選考,一般職 1次,専門商社
住友林業,本選考,2026-03-23,本選考,住宅営業職:賃貸営業,住宅・インテリア
小田急電鉄,本選考,2026-03-23,本選考,総合職 事務系,鉄道・運輸
ニチレイグループ,本選考,2026-03-23,本選考,研究開発,食品・飲料
興和,本選考,2026-03-23,本選考 第2ターム,,製薬・医療
農林中央金庫,本選考,2026-03-23,本選考 3次,,銀行
相模鉄道,本選考,2026-03-23,本選考,総合職,鉄道・運輸
アフラック,本選考,2026-03-23,本選考,,保険
シャープ,本選考,2026-03-23,本選考,技術,電機・精密
住友重機械,本選考,2026-03-24,本選考 事務系第3ターム,,機械・重工
東急,本選考,2026-03-24,本選考,,鉄道・運輸
東急不動産,本選考,2026-03-24,本選考 2次,,不動産
旭化成,本選考,2026-03-24,本選考 MR 3次,,化学・素材
豊島,本選考,2026-03-24,本選考,マーケティング,専門商社
森永乳業,本選考,2026-03-24,本選考,,食品・飲料
オリエンタルランド,本選考,2026-03-24,本選考,IT,レジャー・サービス
豊田通商,本選考,2026-03-24,本選考 1次,,総合商社
NTTドコモ,本選考,2026-03-24,本選考 2回目,,IT・通信
ソフトバンク,本選考,2026-03-24,本選考,,IT・通信
味の素,本選考,2026-03-25,本選考,生産,食品・飲料
東急不動産,本選考,2026-03-25,本選考 2次,,不動産
三菱自動車,本選考,2026-03-25,本選考,,自動車・輸送機器
森永乳業,本選考,2026-03-25,本選考,事務系総合職 2次,食品・飲料
森林組合,本選考,2026-03-25,本選考,,その他
東亜合成,本選考,2026-03-25,本選考,,化学・素材
日本郵便,本選考,2026-03-25,本選考,地域基幹職,鉄道・運輸
東京ガス,本選考,2026-03-25,本選考,,エネルギー・電力
MSD,本選考,2026-03-25,本選考,,製薬・医療
花王プロフェッショナル・サービス,本選考,2026-03-25,本選考,,日用品・消費財
三井物産,本選考,2026-03-26,本選考,,総合商社
そごう・西武,本選考,2026-03-26,本選考 2次,,小売・流通
武蔵野銀行,本選考,2026-03-26,本選考 5回目,,銀行
キッコーマン,本選考,2026-03-26,本選考,エンジニアリング,食品・飲料
宝生,本選考,2026-03-26,本選考,,その他
日産化学,本選考,2026-03-26,本選考,事務系,化学・素材
JR東日本情報システム,本選考,2026-03-26,本選考,,IT・通信
帝人フロンティア,本選考,2026-03-26,本選考,,化学・素材
JR九州,本選考,2026-03-26,本選考 2回目,,鉄道・運輸
森トラスト,本選考,2026-03-26,本選考 1回目,,不動産
丸大食品,本選考,2026-03-26,本選考 2回目,,食品・飲料
JTBグループ,本選考,2026-03-26,本選考,,レジャー・サービス
JFE商事,本選考,2026-03-26,本選考,,専門商社
東京建物,本選考,2026-03-26,本選考,住宅総合職,不動産
森永製菓,本選考,2026-03-27,本選考,品質保証,食品・飲料
NTTコモビジネスソリューションズ,本選考,2026-03-27,本選考 4次,,IT・通信
オリエンタルランド,本選考,2026-03-27,本選考,テーマパークマネジメント職(スーパーバイザー),レジャー・サービス
ADK,本選考,2026-03-27,本選考,,広告・メディア
シャープ,本選考,2026-03-27,本選考,,電機・精密
大日本印刷,本選考,2026-03-29,本選考,事務系,印刷・製紙
マニュライフ生命,本選考,2026-03-29,本選考,営業,保険
JERA,本選考,2026-03-29,本選考 3回目,,エネルギー・電力
味の素冷凍食品,本選考,2026-03-29,本選考,マーケ,食品・飲料
芙蓉総合リース,本選考,2026-03-29,本選考 3次,,その他金融
伊藤忠丸紅住商テクノスチール,本選考,2026-03-29,本選考,,専門商社
富士フイルムビジネスイノベーションジャパン,本選考,2026-03-29,本選考,営業,電機・精密
横河電機,本選考,2026-03-29,本選考,,電機・精密
王子ホールディングス,本選考,2026-03-29,本選考,,印刷・製紙
マツダ,本選考,2026-03-29,本選考,事務系,自動車・輸送機器
三菱重工,本選考,2026-03-29,本選考,事務系,機械・重工
プリマハム,本選考,2026-03-29,本選考,,食品・飲料
NTN,本選考,2026-03-29,本選考,事務系,鉄鋼・金属
オリコ,本選考,2026-03-29,本選考,,その他金融
ミネベアミツミ,本選考,2026-03-29,本選考,,電機・精密
大王製紙,本選考,2026-03-29,本選考,,印刷・製紙
東洋エンジニアリング,本選考,2026-03-29,本選考,,建設・設備
三菱総合研究所,本選考,2026-03-29,本選考,,コンサル・シンクタンク
NEC通信システム,本選考,2026-03-30,本選考3次,,IT・通信
キオクシア,本選考,2026-03-30,本選考,事務系,電機・精密
コニカミノルタジャパン,本選考,2026-03-30,本選考 2次,,電機・精密
ドコモ・ファイナンス,本選考,2026-03-30,本選考,一般職,その他金融
TDK,本選考,2026-03-30,本選考,事務系,電機・精密
JFEスチール,本選考,2026-03-30,本選考 2次,,鉄鋼・金属
伊藤忠ケミカルフロンティア,本選考,2026-03-30,本選考,一般職 2次,専門商社
伊藤忠ケミカルフロンティア,本選考,2026-03-30,本選考,総合職 1次,専門商社
住友林業,本選考,2026-03-30,本選考,建築技術職,住宅・インテリア
資生堂,本選考,2026-03-30,本選考,事業所限定職(国内工場),日用品・消費財
ANA,本選考,2026-03-30,本選考,客室乗務員,鉄道・運輸
ANAエアポートサービス,本選考,2026-03-30,本選考,,鉄道・運輸
デンソー,本選考,2026-03-30,本選考,,自動車・輸送機器
関西電力,本選考,2026-03-30,本選考,,エネルギー・電力
KDDI,本選考,2026-03-31,本選考,業務系2次,IT・通信
KDDI,本選考,2026-03-31,本選考,技術系2次,IT・通信
CARTA HOLDINGS,本選考,2026-03-31,本選考,,IT・通信
WOWOW,本選考,2026-03-31,本選考,,広告・メディア
田村駒,本選考,2026-03-31,本選考,一般職,専門商社
GMOインターネット,本選考,2026-03-31,本選考,クリエイティブ職・ビジネス(営業),IT・通信
日鉄エンジニアリング,本選考,2026-03-31,本選考 3次,,建設・設備
三井化学,本選考,2026-03-31,本選考,事務系総合職 3次,化学・素材
ファンケル,本選考,2026-03-31,本選考,エリア限定販売職,日用品・消費財
レベルファイブ,本選考,2026-03-31,本選考,,エンタメ・ゲーム
バンダイナムコフィルムワークス,本選考,2026-03-31,本選考,事務系,エンタメ・ゲーム
ヤクルト本社,本選考,2026-03-31,本選考,総合職 2回目,食品・飲料
三井ハイテック,本選考,2026-03-31,本選考 2次,,鉄鋼・金属
ヒューリック,本選考,2026-03-31,本選考 3次,,不動産
バンダイナムコフィルムワークス,本選考,2026-03-31,本選考,事業系職種,エンタメ・ゲーム
三菱UFJリサーチ＆コンサルティング,本選考,2026-03-31,本選考 2次,,コンサル・シンクタンク
富士フイルムイメージングプロテック,本選考,2026-03-31,本選考,,電機・精密
SMBCコンシューマーファイナンス,本選考,2026-03-31,本選考 第3クール,,その他金融
エステー,本選考,2026-03-31,本選考,デザイン,日用品・消費財
大林組,本選考,2026-03-31,本選考,事務職,建設・設備
アダストリア,本選考,2026-03-31,本選考,,小売・流通
NECキャピタルソリューション,本選考,2026-03-31,本選考 3期,,その他金融
西武ホールディングス,本選考,2026-03-31,本選考,,鉄道・運輸
三菱UFJモルガン・スタンレー証券,本選考,2026-03-31,本選考,システム職,証券
小田急不動産,本選考,2026-03-31,本選考,,不動産
中外製薬,本選考,2026-03-31,本選考,,製薬・医療
住友生命,本選考,2026-03-31,本選考,,保険
東京ドーム,本選考,2026-03-31,本選考,,レジャー・サービス
ANA,本選考,2026-03-31,本選考,エキスパートスタッフ職,鉄道・運輸
ANA福岡空港,本選考,2026-03-31,本選考,,鉄道・運輸
オリックス生命,本選考,2026-03-31,本選考,,保険
ファンケルグループ,本選考,2026-03-31,本選考,エリア限定販売職,日用品・消費財
CASIO,本選考,2026-03-31,本選考,,電機・精密
GMOインターネットグループ,本選考,2026-03-31,本選考,,IT・通信
エステー,本選考,2026-03-31,本選考,エステー(本選考 営業・研究開発コース),日用品・消費財
明治安田,本選考,2026-03-31,本選考,総合職,保険
川崎重工業,本選考,2026-03-31,本選考,事務系,機械・重工
岩谷産業,本選考,2026-03-31,本選考,,専門商社
SCSK,本選考,2026-03-31,本選考,,IT・通信
安川ロジステック,本選考,2026-03-31,本選考,,機械・重工
湖池屋,本選考,2026-03-31,本選考,,食品・飲料
